# Blender 5.2.0 LTS
# www.blender.org
mtllib cart.mtl
o top
v 0.000000 1.933226 -0.479885
v 0.000000 3.369498 0.000000
v 0.148293 1.933226 -0.456398
v 0.282069 1.933226 -0.388235
v 0.388235 1.933226 -0.282069
v 0.167457 3.576487 -0.230485
v 0.456398 1.933226 -0.148293
v 0.142447 3.492980 -0.196062
v 0.103494 3.426708 -0.142447
v 0.479885 1.933226 -0.000000
v 0.054410 3.384160 -0.074889
v 0.456398 1.933226 0.148293
v 0.388235 1.933226 0.282069
v 0.282069 1.933226 0.388235
v 0.270951 3.576487 -0.088037
v 0.230485 3.492980 -0.074889
v 0.148293 1.933226 0.456398
v 0.167457 3.426708 -0.054410
v 0.088037 3.384160 -0.028605
v 0.000000 1.933226 0.479885
v -0.148293 1.933226 0.456398
v -0.282069 1.933226 0.388235
v 0.270951 3.576487 0.088037
v 0.230485 3.492980 0.074889
v -0.388235 1.933226 0.282069
v 0.167457 3.426708 0.054410
v -0.456398 1.933226 0.148293
v 0.088037 3.384160 0.028605
v -0.479885 1.933226 -0.000000
v -0.456398 1.933226 -0.148293
v -0.388235 1.933226 -0.282069
v 0.167457 3.576487 0.230485
v 0.142447 3.492980 0.196062
v -0.282069 1.933226 -0.388235
v 0.103494 3.426708 0.142447
v 0.054410 3.384160 0.074889
v -0.148293 1.933226 -0.456398
v -0.109773 -1.130982 -0.337846
v 0.372443 2.122455 0.270596
v 0.000000 3.576487 0.284895
v 0.000000 3.492980 0.242346
v 0.000000 3.426708 0.176075
v 0.000000 3.384160 0.092568
v 0.254972 2.693531 0.185248
v 0.251244 2.746973 0.182540
v 0.254972 2.800416 0.185248
v -0.167457 3.576487 0.230485
v -0.142447 3.492980 0.196062
v -0.103494 3.426708 0.142447
v -0.054410 3.384160 0.074889
v 0.372443 3.371492 0.270596
v 0.270596 3.371492 0.372443
v -0.270951 3.576487 0.088037
v -0.230485 3.492980 0.074889
v -0.167457 3.426708 0.054410
v -0.088037 3.384160 0.028605
v 0.185248 2.800416 0.254972
v 0.182540 2.746973 0.251244
v -0.270951 3.576487 -0.088037
v 0.185248 2.693531 0.254972
v -0.230485 3.492980 -0.074889
v -0.167457 3.426708 -0.054410
v -0.088037 3.384160 -0.028605
v 0.270596 2.122455 0.372443
v -0.208801 -1.130982 -0.287389
v -0.287389 -1.130982 -0.208801
v -0.167457 3.576487 -0.230485
v 0.000000 2.122455 -0.460365
v -0.142447 3.492980 -0.196062
v -0.103494 3.426708 -0.142447
v -0.054410 3.384160 -0.074889
v -0.000000 2.693531 -0.315162
v -0.000000 3.576487 -0.284895
v -0.000000 3.492980 -0.242346
v -0.000000 2.746973 -0.310555
v -0.000000 2.800416 -0.315162
v -0.000000 3.426708 -0.176075
v -0.000000 3.384160 -0.092568
v -0.000000 3.371492 -0.460365
v 0.142261 3.371492 -0.437833
v 0.097390 2.800416 -0.299737
v 0.095967 2.746973 -0.295356
v 0.097390 2.693531 -0.299737
v 0.142261 2.122455 -0.437833
v -0.337846 -1.130982 -0.109773
v -0.355233 -1.130982 -0.000000
v -0.270596 2.122455 0.372443
v -0.185248 2.693531 0.254972
v -0.182540 2.746973 0.251244
v -0.185248 2.800416 0.254972
v -0.270596 3.371492 0.372443
v -0.372443 3.371492 0.270596
v -0.254972 2.800416 0.185248
v -0.251244 2.746973 0.182540
v -0.254972 2.693531 0.185248
v -0.372443 2.122455 0.270596
v -0.337846 -1.130982 0.109773
v -0.287389 -1.130982 0.208801
v -0.372443 2.122455 -0.270596
v -0.254972 2.693531 -0.185248
v -0.251244 2.746973 -0.182540
v -0.254972 2.800416 -0.185248
v -0.372443 3.371492 -0.270596
v -0.270596 3.371492 -0.372443
v -0.185248 2.800416 -0.254972
v -0.182540 2.746973 -0.251244
v -0.185248 2.693531 -0.254972
v -0.270596 2.122455 -0.372443
v -0.208801 -1.130982 0.287389
v -0.109773 -1.130982 0.337846
v 0.460365 2.122455 -0.000000
v 0.315162 2.693531 0.000000
v 0.310555 2.746973 0.000000
v 0.315162 2.800416 0.000000
v 0.460365 3.371492 -0.000000
v 0.437833 3.371492 0.142261
v 0.299737 2.800416 0.097390
v 0.295356 2.746973 0.095967
v 0.299737 2.693531 0.097390
v 0.437833 2.122455 0.142261
v 0.000000 -1.130982 0.355233
v 0.109773 -1.130982 0.337846
v 0.000000 2.122455 0.460365
v -0.000000 2.693531 0.315162
v -0.000000 2.746973 0.310555
v -0.000000 2.800416 0.315162
v -0.000000 3.371492 0.460365
v -0.142261 3.371492 0.437833
v -0.097390 2.800416 0.299737
v -0.095967 2.746973 0.295356
v -0.097390 2.693531 0.299737
v -0.142261 2.122455 0.437833
v 0.208801 -1.130982 0.287389
v 0.287389 -1.130982 0.208801
v -0.460365 2.122455 -0.000000
v -0.315162 2.693531 0.000000
v -0.310555 2.746973 0.000000
v -0.315162 2.800416 0.000000
v -0.460365 3.371492 -0.000000
v -0.437833 3.371492 -0.142261
v -0.299737 2.800416 -0.097390
v -0.295356 2.746973 -0.095967
v -0.299737 2.693531 -0.097390
v -0.437833 2.122455 -0.142261
v 0.337846 -1.130982 0.109773
v 0.355233 -1.130982 -0.000000
v 0.372443 2.122455 -0.270596
v 0.254972 2.693531 -0.185248
v 0.251244 2.746973 -0.182540
v 0.254972 2.800416 -0.185248
v 0.372443 3.371492 -0.270596
v 0.437833 3.371492 -0.142261
v 0.299737 2.800416 -0.097390
v 0.295356 2.746973 -0.095967
v 0.299737 2.693531 -0.097390
v 0.437833 2.122455 -0.142261
v 0.337846 -1.130982 -0.109773
v 0.142261 3.371492 0.437833
v 0.097390 2.800416 0.299737
v 0.095967 2.746973 0.295356
v 0.097390 2.693531 0.299737
v 0.142261 2.122455 0.437833
v 0.287389 -1.130982 -0.208801
v -0.437833 3.371492 0.142261
v -0.299737 2.800416 0.097390
v -0.295356 2.746973 0.095967
v -0.299737 2.693531 0.097390
v -0.437833 2.122455 0.142261
v 0.208801 -1.130982 -0.287389
v -0.142261 3.371492 -0.437833
v -0.097390 2.800416 -0.299737
v -0.095967 2.746973 -0.295356
v -0.097390 2.693531 -0.299737
v -0.142261 2.122455 -0.437833
v 0.109773 -1.130982 -0.337846
v 0.270596 3.371492 -0.372443
v 0.185248 2.800416 -0.254972
v 0.182540 2.746973 -0.251244
v 0.185248 2.693531 -0.254972
v 0.270596 2.122455 -0.372443
v 0.000000 -1.130982 -0.355233
v 0.114888 3.642312 -0.353589
v 0.148298 3.572184 -0.456413
v 0.141893 3.621772 -0.436701
v -0.000000 3.572184 -0.479901
v -0.000000 3.642312 -0.371786
v -0.000000 3.621772 -0.459175
v 0.218530 3.642312 -0.300781
v 0.282079 3.572184 -0.388248
v 0.269896 3.621772 -0.371480
v 0.300781 3.642312 -0.218530
v 0.388248 3.572184 -0.282079
v 0.371480 3.621772 -0.269896
v 0.353589 3.642312 -0.114888
v 0.456413 3.572184 -0.148298
v 0.436701 3.621772 -0.141893
v 0.371786 3.642312 -0.000000
v 0.479901 3.572184 -0.000000
v 0.459175 3.621772 -0.000000
v 0.353589 3.642312 0.114888
v 0.456413 3.572184 0.148298
v 0.436701 3.621772 0.141893
v 0.300781 3.642312 0.218530
v 0.388248 3.572184 0.282079
v 0.371480 3.621772 0.269896
v 0.218530 3.642312 0.300781
v 0.282079 3.572184 0.388248
v 0.269896 3.621772 0.371480
v 0.114888 3.642312 0.353589
v 0.148298 3.572184 0.456413
v 0.141893 3.621772 0.436701
v -0.000000 3.642312 0.371786
v -0.000000 3.572184 0.479901
v -0.000000 3.621772 0.459175
v -0.114888 3.642312 0.353589
v -0.148298 3.572184 0.456413
v -0.141893 3.621772 0.436701
v -0.218530 3.642312 0.300781
v -0.282079 3.572184 0.388248
v -0.269896 3.621772 0.371480
v -0.300781 3.642312 0.218530
v -0.388248 3.572184 0.282079
v -0.371480 3.621772 0.269896
v -0.353589 3.642312 0.114888
v -0.456413 3.572184 0.148298
v -0.436701 3.621772 0.141893
v -0.371786 3.642312 0.000000
v -0.479901 3.572184 -0.000000
v -0.459175 3.621772 0.000000
v -0.353589 3.642312 -0.114888
v -0.456413 3.572184 -0.148298
v -0.436701 3.621772 -0.141893
v -0.300781 3.642312 -0.218530
v -0.388248 3.572184 -0.282079
v -0.371480 3.621772 -0.269896
v -0.218530 3.642312 -0.300781
v -0.282079 3.572184 -0.388248
v -0.269896 3.621772 -0.371480
v -0.114888 3.642312 -0.353589
v -0.148298 3.572184 -0.456413
v -0.141893 3.621772 -0.436701
v 0.157601 1.935206 -0.485047
v 0.000000 1.935206 -0.510008
v 0.299775 1.935206 -0.412605
v 0.412605 1.935206 -0.299775
v 0.485047 1.935206 -0.157601
v 0.510008 1.935206 -0.000000
v 0.485047 1.935206 0.157601
v 0.412605 1.935206 0.299775
v 0.299775 1.935206 0.412605
v 0.157601 1.935206 0.485047
v 0.000000 1.935206 0.510008
v -0.157601 1.935206 0.485047
v -0.299775 1.935206 0.412605
v -0.412605 1.935206 0.299775
v -0.485047 1.935206 0.157601
v -0.510008 1.935206 -0.000000
v -0.485047 1.935206 -0.157601
v -0.412605 1.935206 -0.299775
v -0.299775 1.935206 -0.412605
v -0.157601 1.935206 -0.485047
v 0.396639 2.126564 0.288175
v 0.288175 2.126564 0.396639
v 0.000000 2.126564 -0.490272
v 0.151503 2.126564 -0.466277
v -0.288175 2.126564 0.396639
v -0.396639 2.126564 0.288175
v -0.396639 2.126564 -0.288175
v -0.288175 2.126564 -0.396639
v 0.490272 2.126564 -0.000000
v 0.466277 2.126564 0.151503
v 0.000000 2.126564 0.490272
v -0.151503 2.126564 0.466277
v -0.490272 2.126564 -0.000000
v -0.466277 2.126564 -0.151502
v 0.396639 2.126564 -0.288175
v 0.466277 2.126564 -0.151503
v 0.151503 2.126564 0.466277
v -0.466277 2.126564 0.151503
v -0.151503 2.126564 -0.466277
v 0.288175 2.126564 -0.396639
v -0.142924 -1.100806 0.439875
v 0.000000 -1.100806 0.462512
v -0.439875 -1.100806 -0.142924
v -0.462512 -1.100806 -0.000000
v 0.439875 -1.100806 -0.142924
v 0.374180 -1.100806 -0.271858
v 0.142924 -1.100806 0.439875
v 0.271858 -1.100806 0.374180
v -0.439875 -1.100806 0.142924
v -0.374180 -1.100806 0.271858
v -0.142924 -1.100806 -0.439875
v -0.271858 -1.100806 -0.374180
v 0.271858 -1.100806 -0.374180
v 0.142924 -1.100806 -0.439875
v 0.374180 -1.100806 0.271858
v 0.439875 -1.100806 0.142924
v -0.271858 -1.100806 0.374180
v -0.374180 -1.100806 -0.271858
v 0.462512 -1.100806 -0.000000
v 0.000000 -1.100806 -0.462512
v 0.000000 -1.095159 0.480000
v -0.480000 -1.095159 -0.000000
v 0.388328 -1.095159 -0.282137
v 0.282137 -1.095159 0.388328
v -0.388328 -1.095159 0.282137
v -0.282137 -1.095159 -0.388328
v 0.148328 -1.095159 -0.456507
v 0.456507 -1.095159 0.148328
v -0.148328 -1.095159 0.456507
v -0.456507 -1.095159 -0.148328
v 0.456507 -1.095159 -0.148328
v 0.148328 -1.095159 0.456507
v -0.456507 -1.095159 0.148328
v -0.148328 -1.095159 -0.456507
v 0.282137 -1.095159 -0.388328
v 0.388328 -1.095159 0.282137
v -0.282137 -1.095159 0.388328
v -0.388328 -1.095159 -0.282137
v 0.480000 -1.095159 -0.000000
v 0.000000 -1.095159 -0.480000
v -0.148328 -1.105489 0.456507
v -0.456507 -1.105489 -0.148328
v 0.456507 -1.105489 -0.148328
v 0.148328 -1.105489 0.456507
v -0.456507 -1.105489 0.148328
v -0.148328 -1.105489 -0.456507
v 0.282137 -1.105489 -0.388328
v 0.388328 -1.105489 0.282137
v -0.282137 -1.105489 0.388328
v -0.388328 -1.105489 -0.282137
v 0.480000 -1.105489 -0.000000
v 0.000000 -1.105489 -0.480000
v 0.000000 -1.105489 0.480000
v -0.480000 -1.105489 -0.000000
v 0.388328 -1.105489 -0.282137
v 0.282137 -1.105489 0.388328
v -0.388328 -1.105489 0.282137
v -0.282137 -1.105489 -0.388328
v 0.148328 -1.105489 -0.456507
v 0.456507 -1.105489 0.148328
v -0.148328 -1.130982 -0.456507
v 0.000000 -1.130982 -0.480000
v -0.282137 -1.130982 -0.388328
v -0.388328 -1.130982 -0.282137
v -0.456507 -1.130982 -0.148328
v -0.480000 -1.130982 -0.000000
v -0.456507 -1.130982 0.148328
v -0.388328 -1.130982 0.282137
v -0.282137 -1.130982 0.388328
v -0.148328 -1.130982 0.456507
v 0.000000 -1.130982 0.480000
v 0.148328 -1.130982 0.456507
v 0.282137 -1.130982 0.388328
v 0.388328 -1.130982 0.282137
v 0.456507 -1.130982 0.148328
v 0.480000 -1.130982 -0.000000
v 0.456507 -1.130982 -0.148328
v 0.388328 -1.130982 -0.282137
v 0.282137 -1.130982 -0.388328
v 0.148328 -1.130982 -0.456507
v -0.099891 -1.144439 -0.307434
v 0.000000 -1.144439 -0.323255
v -0.190005 -1.144439 -0.261519
v -0.261519 -1.144439 -0.190005
v -0.307434 -1.144439 -0.099891
v -0.323255 -1.144439 -0.000000
v -0.307434 -1.144439 0.099891
v -0.261519 -1.144439 0.190005
v -0.190005 -1.144439 0.261519
v -0.099891 -1.144439 0.307434
v 0.000000 -1.144439 0.323255
v 0.099891 -1.144439 0.307434
v 0.190005 -1.144439 0.261519
v 0.261519 -1.144439 0.190005
v 0.307434 -1.144439 0.099891
v 0.323255 -1.144439 -0.000000
v 0.307434 -1.144439 -0.099891
v 0.261519 -1.144439 -0.190005
v 0.190005 -1.144439 -0.261519
v 0.099891 -1.144439 -0.307434
v -0.109773 -1.144439 -0.337846
v 0.000000 -1.144439 -0.355233
v -0.208801 -1.144439 -0.287389
v -0.287389 -1.144439 -0.208801
v -0.337846 -1.144439 -0.109773
v -0.355233 -1.144439 -0.000000
v -0.337846 -1.144439 0.109773
v -0.287389 -1.144439 0.208801
v -0.208801 -1.144439 0.287389
v -0.109773 -1.144439 0.337846
v 0.000000 -1.144439 0.355233
v 0.109773 -1.144439 0.337846
v 0.208801 -1.144439 0.287389
v 0.287389 -1.144439 0.208801
v 0.337846 -1.144439 0.109773
v 0.355233 -1.144439 -0.000000
v 0.337846 -1.144439 -0.109773
v 0.287389 -1.144439 -0.208801
v 0.208801 -1.144439 -0.287389
v 0.109773 -1.144439 -0.337846
v -0.094743 -1.125252 -0.291588
v 0.000000 -1.125252 -0.306594
v -0.180211 -1.125252 -0.248040
v -0.248040 -1.125252 -0.180211
v -0.291588 -1.125252 -0.094743
v -0.306594 -1.125252 -0.000000
v -0.291588 -1.125252 0.094743
v -0.248040 -1.125252 0.180211
v -0.180211 -1.125252 0.248040
v -0.094743 -1.125252 0.291588
v 0.000000 -1.125252 0.306594
v 0.094743 -1.125252 0.291588
v 0.180211 -1.125252 0.248040
v 0.248040 -1.125252 0.180211
v 0.291588 -1.125252 0.094743
v 0.306594 -1.125252 -0.000000
v 0.291588 -1.125252 -0.094743
v 0.248040 -1.125252 -0.180211
v 0.180211 -1.125252 -0.248040
v 0.094743 -1.125252 -0.291588
v -0.099891 -1.125252 -0.307434
v 0.000000 -1.125252 -0.323255
v -0.190005 -1.125252 -0.261519
v -0.261519 -1.125252 -0.190005
v -0.307434 -1.125252 -0.099891
v -0.323255 -1.125252 -0.000000
v -0.307434 -1.125252 0.099891
v -0.261519 -1.125252 0.190005
v -0.190005 -1.125252 0.261519
v -0.099891 -1.125252 0.307434
v 0.000000 -1.125252 0.323255
v 0.099891 -1.125252 0.307434
v 0.190005 -1.125252 0.261519
v 0.261519 -1.125252 0.190005
v 0.307434 -1.125252 0.099891
v 0.323255 -1.125252 -0.000000
v 0.307434 -1.125252 -0.099891
v 0.261519 -1.125252 -0.190005
v 0.190005 -1.125252 -0.261519
v 0.099891 -1.125252 -0.307434
v -0.088753 -1.142603 -0.273155
v 0.000000 -1.142603 -0.287212
v -0.168819 -1.142603 -0.232360
v -0.232360 -1.142603 -0.168819
v -0.273155 -1.142603 -0.088753
v -0.287212 -1.142603 -0.000000
v -0.273155 -1.142603 0.088753
v -0.232360 -1.142603 0.168819
v -0.168819 -1.142603 0.232360
v -0.088753 -1.142603 0.273155
v 0.000000 -1.142603 0.287212
v 0.088753 -1.142603 0.273155
v 0.168819 -1.142603 0.232360
v 0.232360 -1.142603 0.168819
v 0.273155 -1.142603 0.088753
v 0.287212 -1.142603 -0.000000
v 0.273155 -1.142603 -0.088753
v 0.232360 -1.142603 -0.168819
v 0.168819 -1.142603 -0.232360
v 0.088753 -1.142603 -0.273155
v -0.094743 -1.142603 -0.291588
v 0.000000 -1.142603 -0.306594
v -0.180211 -1.142603 -0.248040
v -0.248040 -1.142603 -0.180211
v -0.291588 -1.142603 -0.094743
v -0.306594 -1.142603 -0.000000
v -0.291588 -1.142603 0.094743
v -0.248040 -1.142603 0.180211
v -0.180211 -1.142603 0.248040
v -0.094743 -1.142603 0.291588
v 0.000000 -1.142603 0.306594
v 0.094743 -1.142603 0.291588
v 0.180211 -1.142603 0.248040
v 0.248040 -1.142603 0.180211
v 0.291588 -1.142603 0.094743
v 0.306594 -1.142603 -0.000000
v 0.291588 -1.142603 -0.094743
v 0.248040 -1.142603 -0.180211
v 0.180211 -1.142603 -0.248040
v 0.094743 -1.142603 -0.291588
v -0.088753 -1.124794 -0.273155
v 0.000000 -1.124794 -0.287212
v -0.168819 -1.124794 -0.232360
v -0.232360 -1.124794 -0.168819
v -0.273155 -1.124794 -0.088753
v -0.287212 -1.124794 -0.000000
v -0.273155 -1.124794 0.088753
v -0.232360 -1.124794 0.168819
v -0.168819 -1.124794 0.232360
v -0.088753 -1.124794 0.273155
v 0.000000 -1.124794 0.287212
v 0.088753 -1.124794 0.273155
v 0.168819 -1.124794 0.232360
v 0.232360 -1.124794 0.168819
v 0.273155 -1.124794 0.088753
v 0.287212 -1.124794 -0.000000
v 0.273155 -1.124794 -0.088753
v 0.232360 -1.124794 -0.168819
v 0.168819 -1.124794 -0.232360
v 0.088753 -1.124794 -0.273155
v -0.088753 -1.305925 -0.273155
v 0.000000 -1.305925 -0.287212
v -0.168819 -1.305925 -0.232360
v -0.232360 -1.305925 -0.168819
v -0.273155 -1.305925 -0.088753
v -0.287212 -1.305925 -0.000000
v -0.273155 -1.305925 0.088753
v -0.232360 -1.305925 0.168819
v -0.168819 -1.305925 0.232360
v -0.088753 -1.305925 0.273155
v 0.000000 -1.305925 0.287212
v 0.088753 -1.305925 0.273155
v 0.168819 -1.305925 0.232360
v 0.232360 -1.305925 0.168819
v 0.273155 -1.305925 0.088753
v 0.287212 -1.305925 -0.000000
v 0.273155 -1.305925 -0.088753
v 0.232360 -1.305925 -0.168819
v 0.168819 -1.305925 -0.232360
v 0.088753 -1.305925 -0.273155
v -0.107723 -1.370390 -0.331537
v -0.000000 -1.370390 -0.348599
v -0.204901 -1.370390 -0.282022
v -0.282022 -1.370390 -0.204901
v -0.331537 -1.370390 -0.107723
v -0.348599 -1.370390 0.000000
v -0.331537 -1.370390 0.107723
v -0.282022 -1.370390 0.204901
v -0.204901 -1.370390 0.282022
v -0.107723 -1.370390 0.331537
v -0.000000 -1.370390 0.348599
v 0.107723 -1.370390 0.331537
v 0.204901 -1.370390 0.282022
v 0.282022 -1.370390 0.204901
v 0.331537 -1.370390 0.107723
v 0.348599 -1.370390 0.000000
v 0.331537 -1.370390 -0.107723
v 0.282022 -1.370390 -0.204901
v 0.204901 -1.370390 -0.282022
v 0.107723 -1.370390 -0.331537
v -0.070931 -1.467087 -0.218305
v -0.000000 -1.467087 -0.229539
v -0.134920 -1.467087 -0.185701
v -0.185701 -1.467087 -0.134920
v -0.218305 -1.467087 -0.070931
v -0.229539 -1.467087 0.000000
v -0.218305 -1.467087 0.070931
v -0.185701 -1.467087 0.134920
v -0.134920 -1.467087 0.185701
v -0.070931 -1.467087 0.218305
v -0.000000 -1.467087 0.229539
v 0.070931 -1.467087 0.218305
v 0.134920 -1.467087 0.185701
v 0.185701 -1.467087 0.134920
v 0.218305 -1.467087 0.070931
v 0.229539 -1.467087 0.000000
v 0.218305 -1.467087 -0.070931
v 0.185701 -1.467087 -0.134920
v 0.134920 -1.467087 -0.185701
v 0.070931 -1.467087 -0.218305
v 0.204901 -1.384204 0.282022
v 0.204901 -1.398018 0.282022
v 0.204901 -1.411832 0.282022
v 0.204901 -1.425645 0.282022
v 0.204901 -1.439459 0.282022
v 0.204901 -1.453273 0.282022
v 0.282022 -1.453273 0.204901
v 0.282022 -1.439459 0.204901
v 0.282022 -1.425645 0.204901
v 0.282022 -1.411831 0.204901
v 0.282022 -1.398017 0.204901
v 0.282022 -1.384203 0.204901
v -0.348599 -1.384204 0.000000
v -0.348599 -1.398018 0.000000
v -0.348599 -1.411832 0.000000
v -0.348599 -1.425645 0.000000
v -0.348599 -1.439459 0.000000
v -0.348599 -1.453273 0.000000
v -0.331537 -1.453273 0.107723
v -0.331537 -1.439459 0.107723
v -0.331537 -1.425645 0.107723
v -0.331537 -1.411831 0.107723
v -0.331537 -1.398017 0.107723
v -0.331537 -1.384203 0.107723
v 0.331537 -1.453273 0.107723
v 0.331537 -1.439459 0.107723
v 0.331537 -1.425645 0.107723
v 0.331537 -1.411831 0.107723
v 0.331537 -1.398017 0.107723
v 0.331537 -1.384203 0.107723
v -0.282022 -1.453273 0.204901
v -0.282022 -1.439459 0.204901
v -0.282022 -1.425645 0.204901
v -0.282022 -1.411831 0.204901
v -0.282022 -1.398017 0.204901
v -0.282022 -1.384203 0.204901
v 0.348599 -1.453273 0.000000
v 0.348599 -1.439459 0.000000
v 0.348599 -1.425645 0.000000
v 0.348599 -1.411831 0.000000
v 0.348599 -1.398017 0.000000
v 0.348599 -1.384203 0.000000
v -0.204901 -1.453273 0.282022
v -0.204901 -1.439459 0.282022
v -0.204901 -1.425645 0.282022
v -0.204901 -1.411831 0.282022
v -0.204901 -1.398017 0.282022
v -0.204901 -1.384203 0.282022
v -0.000000 -1.384204 -0.348599
v -0.000000 -1.398018 -0.348599
v -0.000000 -1.411832 -0.348599
v -0.000000 -1.425645 -0.348599
v -0.000000 -1.439459 -0.348599
v -0.000000 -1.453273 -0.348599
v -0.107723 -1.453273 -0.331537
v -0.107723 -1.439459 -0.331537
v -0.107723 -1.425645 -0.331537
v -0.107723 -1.411831 -0.331537
v -0.107723 -1.398017 -0.331537
v -0.107723 -1.384203 -0.331537
v 0.331537 -1.453273 -0.107723
v 0.331537 -1.439459 -0.107723
v 0.331537 -1.425645 -0.107723
v 0.331537 -1.411831 -0.107723
v 0.331537 -1.398017 -0.107723
v 0.331537 -1.384203 -0.107723
v -0.107723 -1.453273 0.331537
v -0.107723 -1.439459 0.331537
v -0.107723 -1.425645 0.331537
v -0.107723 -1.411831 0.331537
v -0.107723 -1.398017 0.331537
v -0.107723 -1.384203 0.331537
v -0.204901 -1.453273 -0.282022
v -0.204901 -1.439459 -0.282022
v -0.204901 -1.425645 -0.282022
v -0.204901 -1.411831 -0.282022
v -0.204901 -1.398017 -0.282022
v -0.204901 -1.384203 -0.282022
v 0.282022 -1.453273 -0.204901
v 0.282022 -1.439459 -0.204901
v 0.282022 -1.425645 -0.204901
v 0.282022 -1.411831 -0.204901
v 0.282022 -1.398017 -0.204901
v 0.282022 -1.384203 -0.204901
v -0.000000 -1.453273 0.348599
v -0.000000 -1.439459 0.348599
v -0.000000 -1.425645 0.348599
v -0.000000 -1.411831 0.348599
v -0.000000 -1.398017 0.348599
v -0.000000 -1.384203 0.348599
v -0.282022 -1.453273 -0.204901
v -0.282022 -1.439459 -0.204901
v -0.282022 -1.425645 -0.204901
v -0.282022 -1.411831 -0.204901
v -0.282022 -1.398017 -0.204901
v -0.282022 -1.384203 -0.204901
v 0.204901 -1.453273 -0.282022
v 0.204901 -1.439459 -0.282022
v 0.204901 -1.425645 -0.282022
v 0.204901 -1.411831 -0.282022
v 0.204901 -1.398017 -0.282022
v 0.204901 -1.384203 -0.282022
v 0.107723 -1.453273 0.331537
v 0.107723 -1.439459 0.331537
v 0.107723 -1.425645 0.331537
v 0.107723 -1.411831 0.331537
v 0.107723 -1.398017 0.331537
v 0.107723 -1.384203 0.331537
v -0.331537 -1.453273 -0.107723
v -0.331537 -1.439459 -0.107723
v -0.331537 -1.425645 -0.107723
v -0.331537 -1.411831 -0.107723
v -0.331537 -1.398017 -0.107723
v -0.331537 -1.384203 -0.107723
v 0.107723 -1.453273 -0.331537
v 0.107723 -1.439459 -0.331537
v 0.107723 -1.425645 -0.331537
v 0.107723 -1.411831 -0.331537
v 0.107723 -1.398017 -0.331537
v 0.107723 -1.384203 -0.331537
v 0.209358 -1.384204 0.288157
v 0.209358 -1.398018 0.288157
v 0.213244 -1.411703 0.293506
v 0.213244 -1.425774 0.293506
v 0.209358 -1.439459 0.288157
v 0.209358 -1.453273 0.288157
v 0.288157 -1.453273 0.209358
v 0.288157 -1.439459 0.209358
v 0.293506 -1.425774 0.213244
v 0.293506 -1.411703 0.213244
v 0.288157 -1.398017 0.209358
v 0.288157 -1.384203 0.209358
v -0.356181 -1.384204 0.000000
v -0.356181 -1.398018 0.000000
v -0.362793 -1.411703 0.000000
v -0.362793 -1.425774 0.000000
v -0.356181 -1.439459 0.000000
v -0.356181 -1.453273 0.000000
v -0.338748 -1.453273 0.110066
v -0.338748 -1.439459 0.110066
v -0.345037 -1.425774 0.112109
v -0.345037 -1.411703 0.112109
v -0.338748 -1.398017 0.110066
v -0.338748 -1.384203 0.110066
v 0.338748 -1.453273 0.110066
v 0.338748 -1.439459 0.110066
v 0.345037 -1.425774 0.112109
v 0.345037 -1.411703 0.112109
v 0.338748 -1.398017 0.110066
v 0.338748 -1.384203 0.110066
v -0.288157 -1.453273 0.209358
v -0.288157 -1.439459 0.209358
v -0.293506 -1.425774 0.213244
v -0.293506 -1.411703 0.213244
v -0.288157 -1.398017 0.209358
v -0.288157 -1.384203 0.209358
v 0.356181 -1.453273 0.000000
v 0.356181 -1.439459 0.000000
v 0.362793 -1.425774 0.000000
v 0.362793 -1.411703 0.000000
v 0.356181 -1.398017 0.000000
v 0.356181 -1.384203 0.000000
v -0.209358 -1.453273 0.288157
v -0.209358 -1.439459 0.288157
v -0.213244 -1.425774 0.293506
v -0.213244 -1.411703 0.293506
v -0.209358 -1.398017 0.288157
v -0.209358 -1.384203 0.288157
v -0.000000 -1.384204 -0.356181
v -0.000000 -1.398018 -0.356181
v -0.000000 -1.411703 -0.362793
v -0.000000 -1.425774 -0.362793
v -0.000000 -1.439459 -0.356181
v -0.000000 -1.453273 -0.356181
v -0.110066 -1.453273 -0.338748
v -0.110066 -1.439459 -0.338748
v -0.112109 -1.425774 -0.345037
v -0.112109 -1.411703 -0.345037
v -0.110066 -1.398017 -0.338748
v -0.110066 -1.384203 -0.338748
v 0.338748 -1.453273 -0.110066
v 0.338748 -1.439459 -0.110066
v 0.345037 -1.425774 -0.112109
v 0.345037 -1.411703 -0.112109
v 0.338748 -1.398017 -0.110066
v 0.338748 -1.384203 -0.110066
v -0.110066 -1.453273 0.338748
v -0.110066 -1.439459 0.338748
v -0.112109 -1.425774 0.345037
v -0.112109 -1.411703 0.345037
v -0.110066 -1.398017 0.338748
v -0.110066 -1.384203 0.338748
v -0.209358 -1.453273 -0.288157
v -0.209358 -1.439459 -0.288157
v -0.213244 -1.425774 -0.293506
v -0.213244 -1.411703 -0.293506
v -0.209358 -1.398017 -0.288157
v -0.209358 -1.384203 -0.288157
v 0.288157 -1.453273 -0.209358
v 0.288157 -1.439459 -0.209358
v 0.293506 -1.425774 -0.213244
v 0.293506 -1.411703 -0.213244
v 0.288157 -1.398017 -0.209358
v 0.288157 -1.384203 -0.209358
v -0.000000 -1.453273 0.356181
v -0.000000 -1.439459 0.356181
v -0.000000 -1.425774 0.362793
v -0.000000 -1.411703 0.362793
v -0.000000 -1.398017 0.356181
v -0.000000 -1.384203 0.356181
v -0.288157 -1.453273 -0.209358
v -0.288157 -1.439459 -0.209358
v -0.293506 -1.425774 -0.213244
v -0.293506 -1.411703 -0.213244
v -0.288157 -1.398017 -0.209358
v -0.288157 -1.384203 -0.209358
v 0.209358 -1.453273 -0.288157
v 0.209358 -1.439459 -0.288157
v 0.213244 -1.425774 -0.293506
v 0.213244 -1.411703 -0.293506
v 0.209358 -1.398017 -0.288157
v 0.209358 -1.384203 -0.288157
v 0.110066 -1.453273 0.338748
v 0.110066 -1.439459 0.338748
v 0.112109 -1.425774 0.345037
v 0.112109 -1.411703 0.345037
v 0.110066 -1.398017 0.338748
v 0.110066 -1.384203 0.338748
v -0.338748 -1.453273 -0.110066
v -0.338748 -1.439459 -0.110066
v -0.345037 -1.425774 -0.112109
v -0.345037 -1.411703 -0.112109
v -0.338748 -1.398017 -0.110066
v -0.338748 -1.384203 -0.110066
v 0.110066 -1.453273 -0.338748
v 0.110066 -1.439459 -0.338748
v 0.112109 -1.425774 -0.345037
v 0.112109 -1.411703 -0.345037
v 0.110066 -1.398017 -0.338748
v 0.110066 -1.384203 -0.338748
v -0.107723 -1.467087 -0.331537
v -0.000000 -1.467087 -0.348599
v -0.204901 -1.467087 -0.282022
v -0.282022 -1.467087 -0.204901
v -0.331537 -1.467087 -0.107723
v -0.348599 -1.467087 0.000000
v -0.331537 -1.467087 0.107723
v -0.282022 -1.467087 0.204901
v -0.204901 -1.467087 0.282022
v -0.107723 -1.467087 0.331537
v -0.000000 -1.467087 0.348599
v 0.107723 -1.467087 0.331537
v 0.204901 -1.467087 0.282022
v 0.282022 -1.467087 0.204901
v 0.331537 -1.467087 0.107723
v 0.348599 -1.467087 0.000000
v 0.331537 -1.467087 -0.107723
v 0.282022 -1.467087 -0.204901
v 0.204901 -1.467087 -0.282022
v 0.107723 -1.467087 -0.331537
v -0.050789 -1.485325 -0.156312
v -0.000000 -1.485325 -0.164356
v -0.096606 -1.485325 -0.132967
v -0.132967 -1.485325 -0.096606
v -0.156312 -1.485325 -0.050789
v -0.164356 -1.485325 0.000000
v -0.156312 -1.485325 0.050789
v -0.132967 -1.485325 0.096606
v -0.096606 -1.485325 0.132967
v -0.050789 -1.485325 0.156312
v -0.000000 -1.485325 0.164356
v 0.050789 -1.485325 0.156312
v 0.096606 -1.485325 0.132967
v 0.132967 -1.485325 0.096606
v 0.156312 -1.485325 0.050789
v 0.164356 -1.485325 -0.000000
v 0.156312 -1.485325 -0.050789
v 0.132967 -1.485325 -0.096606
v 0.096606 -1.485325 -0.132966
v 0.050789 -1.485325 -0.156312
v -0.059432 -1.485325 -0.182914
v -0.000000 -1.485325 -0.192327
v -0.113047 -1.485325 -0.155596
v -0.155596 -1.485325 -0.113047
v -0.182914 -1.485325 -0.059432
v -0.192327 -1.485325 -0.000000
v -0.182914 -1.485325 0.059432
v -0.155596 -1.485325 0.113047
v -0.113047 -1.485325 0.155596
v -0.059432 -1.485325 0.182914
v -0.000000 -1.485325 0.192327
v 0.059432 -1.485325 0.182914
v 0.113047 -1.485325 0.155596
v 0.155596 -1.485325 0.113047
v 0.182914 -1.485325 0.059432
v 0.192327 -1.485325 -0.000000
v 0.182914 -1.485325 -0.059432
v 0.155596 -1.485325 -0.113047
v 0.113047 -1.485325 -0.155596
v 0.059432 -1.485325 -0.182914
v -0.039289 -1.336380 -0.120921
v 0.000000 -1.336380 -0.127143
v -0.074733 -1.336380 -0.102861
v -0.102861 -1.336380 -0.074733
v -0.120921 -1.336380 -0.039289
v -0.127143 -1.336380 -0.000000
v -0.120921 -1.336380 0.039289
v -0.102861 -1.336380 0.074733
v -0.074733 -1.336380 0.102861
v -0.039289 -1.336380 0.120921
v 0.000000 -1.336380 0.127143
v 0.039290 -1.336380 0.120921
v 0.074733 -1.336380 0.102861
v 0.102861 -1.336380 0.074733
v 0.120921 -1.336380 0.039289
v 0.127144 -1.336380 -0.000000
v 0.120921 -1.336380 -0.039290
v 0.102861 -1.336380 -0.074733
v 0.074733 -1.336380 -0.102861
v 0.039289 -1.336380 -0.120921
v -0.000000 3.642312 -0.408998
v 0.126387 3.642312 -0.388980
v 0.240403 3.642312 -0.330886
v 0.330886 3.642312 -0.240403
v 0.388980 3.642312 -0.126387
v 0.408998 3.642312 -0.000000
v 0.388980 3.642312 0.126387
v 0.330886 3.642312 0.240403
v 0.240403 3.642312 0.330886
v 0.126387 3.642312 0.388980
v -0.000000 3.642312 0.408998
v -0.126387 3.642312 0.388980
v -0.240403 3.642312 0.330886
v -0.330887 3.642312 0.240403
v -0.388980 3.642312 0.126387
v -0.408998 3.642312 0.000000
v -0.388980 3.642312 -0.126387
v -0.330887 3.642312 -0.240403
v -0.240403 3.642312 -0.330886
v -0.126387 3.642312 -0.388980
v -0.070931 -1.485325 -0.218305
v -0.000000 -1.485325 -0.229539
v -0.134920 -1.485325 -0.185701
v -0.185701 -1.485325 -0.134920
v -0.218305 -1.485325 -0.070931
v -0.229539 -1.485325 0.000000
v -0.218305 -1.485325 0.070931
v -0.185701 -1.485325 0.134920
v -0.134920 -1.485325 0.185701
v -0.070931 -1.485325 0.218305
v -0.000000 -1.485325 0.229539
v 0.070931 -1.485325 0.218305
v 0.134920 -1.485325 0.185701
v 0.185701 -1.485325 0.134920
v 0.218305 -1.485325 0.070931
v 0.229539 -1.485325 0.000000
v 0.218305 -1.485325 -0.070931
v 0.185701 -1.485325 -0.134920
v 0.134920 -1.485325 -0.185701
v 0.070931 -1.485325 -0.218305
v -0.039289 -1.485325 -0.120921
v -0.000000 -1.485325 -0.127143
v -0.074733 -1.485325 -0.102861
v -0.102861 -1.485325 -0.074733
v -0.120921 -1.485325 -0.039289
v -0.127143 -1.485325 -0.000000
v -0.120921 -1.485325 0.039289
v -0.102861 -1.485325 0.074733
v -0.074733 -1.485325 0.102861
v -0.039289 -1.485325 0.120921
v -0.000000 -1.485325 0.127143
v 0.039289 -1.485325 0.120921
v 0.074733 -1.485325 0.102861
v 0.102861 -1.485325 0.074733
v 0.120921 -1.485325 0.039289
v 0.127143 -1.485325 -0.000000
v 0.120921 -1.485325 -0.039290
v 0.102861 -1.485325 -0.074733
v 0.074733 -1.485325 -0.102861
v 0.039289 -1.485325 -0.120921
v -0.000000 -1.465855 -0.192327
v -0.000000 -1.465855 -0.164356
v -0.050789 -1.465855 -0.156312
v -0.059432 -1.465855 -0.182914
v -0.096606 -1.465855 -0.132967
v -0.113047 -1.465855 -0.155596
v -0.132967 -1.465855 -0.096606
v -0.155596 -1.465855 -0.113047
v -0.156312 -1.465855 -0.050789
v -0.182914 -1.465855 -0.059432
v -0.164356 -1.465855 0.000000
v -0.192327 -1.465855 -0.000000
v -0.156312 -1.465855 0.050789
v -0.182914 -1.465855 0.059432
v -0.132967 -1.465855 0.096606
v -0.155596 -1.465855 0.113047
v -0.096606 -1.465855 0.132967
v -0.113047 -1.465855 0.155596
v -0.050789 -1.465855 0.156312
v -0.059432 -1.465855 0.182914
v -0.000000 -1.465855 0.164356
v -0.000000 -1.465855 0.192327
v 0.050789 -1.465855 0.156312
v 0.059432 -1.465855 0.182914
v 0.096606 -1.465855 0.132967
v 0.113047 -1.465855 0.155596
v 0.132967 -1.465855 0.096606
v 0.155596 -1.465855 0.113047
v 0.156312 -1.465855 0.050789
v 0.182914 -1.465855 0.059432
v 0.164356 -1.465855 -0.000000
v 0.192327 -1.465855 -0.000000
v 0.156312 -1.465855 -0.050789
v 0.182914 -1.465855 -0.059432
v 0.132967 -1.465855 -0.096606
v 0.155596 -1.465855 -0.113047
v 0.096606 -1.465855 -0.132966
v 0.113047 -1.465855 -0.155596
v 0.050789 -1.465855 -0.156312
v 0.059432 -1.465855 -0.182914
v -0.000000 3.661781 -0.371786
v 0.114888 3.661781 -0.353589
v 0.218530 3.661781 -0.300781
v 0.300781 3.661781 -0.218530
v 0.353589 3.661781 -0.114888
v 0.371786 3.661781 -0.000000
v 0.353589 3.661781 0.114888
v 0.300781 3.661781 0.218530
v 0.218530 3.661781 0.300781
v 0.114888 3.661781 0.353589
v -0.000000 3.661781 0.371786
v -0.114888 3.661781 0.353589
v -0.218530 3.661781 0.300781
v -0.300781 3.661781 0.218530
v -0.353589 3.661781 0.114888
v -0.371786 3.661781 0.000000
v -0.353589 3.661781 -0.114888
v -0.300781 3.661781 -0.218530
v -0.218530 3.661781 -0.300781
v -0.114888 3.661781 -0.353589
v -0.283799 3.661781 -0.092212
v -0.175398 3.661781 -0.241414
v -0.000000 3.661781 -0.298404
v -0.175398 3.661781 0.241414
v 0.175398 3.661781 0.241414
v 0.000000 3.661781 0.298404
v -0.283799 3.661781 0.092212
v 0.175398 3.661781 -0.241414
v 0.283799 3.661781 0.092212
v 0.283799 3.661781 -0.092212
v 0.148319 -0.284587 0.456478
v -0.456478 -0.284587 0.148319
v 0.000000 -0.284587 -0.479969
v 0.456478 -0.284587 -0.148319
v 0.456478 -0.284587 0.148319
v -0.282119 -0.284587 0.388303
v 0.148319 -0.284587 -0.456478
v -0.479969 -0.284587 -0.000000
v -0.388303 -0.284587 0.282119
v -0.282119 -0.284587 -0.388303
v 0.388303 -0.284587 0.282119
v 0.000000 -0.284587 0.479969
v -0.456478 -0.284587 -0.148319
v 0.282119 -0.284587 0.388303
v 0.282119 -0.284587 -0.388303
v 0.479969 -0.284587 -0.000000
v -0.148319 -0.284587 -0.456478
v -0.148319 -0.284587 0.456478
v 0.388303 -0.284587 -0.282119
v -0.388303 -0.284587 -0.282119
v 0.319241 -0.083079 0.231942
v 0.375290 -0.083079 0.121939
v -0.231942 -0.083079 -0.319241
v -0.319241 -0.083079 -0.231942
v 0.375290 -0.083079 -0.121939
v 0.319241 -0.083079 -0.231942
v -0.375290 -0.083079 -0.121939
v 0.231942 -0.083079 -0.319241
v 0.121939 -0.083079 -0.375290
v -0.394603 -0.083079 -0.000000
v -0.231942 -0.083079 0.319241
v -0.121939 -0.083079 0.375290
v 0.121939 -0.083079 0.375290
v 0.231942 -0.083079 0.319241
v 0.000000 -0.083079 0.394603
v -0.319241 -0.083079 0.231942
v 0.000000 -0.083079 -0.394603
v 0.394603 -0.083079 -0.000000
v -0.375290 -0.083079 0.121939
v -0.121939 -0.083079 -0.375290
v 0.337045 -0.083079 0.244878
v 0.396220 -0.083079 0.128740
v -0.244878 -0.083079 -0.337045
v -0.337045 -0.083079 -0.244878
v 0.396220 -0.083079 -0.128740
v 0.337045 -0.083079 -0.244878
v -0.396220 -0.083079 -0.128740
v 0.244878 -0.083079 -0.337045
v 0.128740 -0.083079 -0.396220
v -0.416611 -0.083079 -0.000000
v -0.244878 -0.083079 0.337045
v -0.128740 -0.083079 0.396220
v 0.128740 -0.083079 0.396220
v 0.244878 -0.083079 0.337045
v 0.000000 -0.083079 0.416611
v -0.337045 -0.083079 0.244878
v 0.000000 -0.083079 -0.416611
v 0.416611 -0.083079 -0.000000
v -0.396220 -0.083079 0.128740
v -0.128740 -0.083079 -0.396220
v 0.288194 -0.001570 0.209385
v 0.338793 -0.001570 0.110080
v -0.209385 -0.001570 -0.288194
v -0.288194 -0.001570 -0.209385
v 0.338793 -0.001570 -0.110080
v 0.288194 -0.001570 -0.209385
v -0.338793 -0.001570 -0.110080
v 0.209385 -0.001570 -0.288194
v 0.110080 -0.001570 -0.338793
v -0.356228 -0.001570 0.000000
v -0.209385 -0.001570 0.288194
v -0.110080 -0.001570 0.338793
v 0.110080 -0.001570 0.338793
v 0.209385 -0.001570 0.288194
v -0.000000 -0.001570 0.356228
v -0.288194 -0.001570 0.209385
v -0.000000 -0.001570 -0.356228
v 0.356228 -0.001570 0.000000
v -0.338793 -0.001570 0.110080
v -0.110080 -0.001570 -0.338793
vn -1.0000 -0.0000 -0.0000
vn -0.9511 -0.0000 0.3090
vn -0.0000 -1.0000 -0.0000
vn -0.3090 -0.0000 -0.9511
vn -0.5878 -0.0000 -0.8090
vn 0.8090 -0.0000 -0.5878
vn 0.5878 -0.0000 -0.8090
vn -0.0000 -0.0000 -1.0000
vn -0.0000 -0.0000 1.0000
vn 0.3090 -0.0000 0.9511
vn -0.8090 -0.0000 0.5878
vn 0.5878 -0.0000 0.8090
vn 0.8090 -0.0000 0.5878
vn 0.9511 -0.0000 0.3090
vn 1.0000 -0.0000 -0.0000
vn 0.0073 -1.0000 0.0053
vn 0.0053 -1.0000 0.0073
vn 0.9511 -0.0000 -0.3090
vn 0.3090 -0.0000 -0.9511
vn -0.3090 -0.0000 0.9511
vn 0.7975 0.1681 -0.5794
vn 0.5697 0.2464 -0.7841
vn 0.5794 0.1681 -0.7975
vn 0.7975 -0.1681 -0.5794
vn 0.7971 -0.1709 -0.5791
vn 0.5794 -0.1681 -0.7975
vn 0.5791 -0.1709 -0.7971
vn -0.3057 0.1454 -0.9409
vn -0.0000 -0.1709 -0.9853
vn -0.3045 -0.1709 -0.9371
vn -0.0800 0.9907 -0.1101
vn -0.1101 0.9907 -0.0800
vn -0.0000 0.1681 -0.9858
vn -0.2995 0.2464 -0.9217
vn -0.3046 0.1681 -0.9375
vn -0.3046 -0.1681 -0.9375
vn -0.0000 -0.1681 -0.9858
vn -0.9409 0.1454 0.3057
vn -0.9853 -0.1709 -0.0000
vn -0.9371 -0.1709 0.3045
vn -0.9858 0.1681 -0.0000
vn -0.9217 0.2464 0.2995
vn -0.9375 0.1681 0.3046
vn -0.9375 -0.1681 0.3046
vn -0.9858 -0.1681 -0.0000
vn 0.9409 0.1454 -0.3057
vn 0.9853 -0.1709 -0.0000
vn 0.9371 -0.1709 -0.3045
vn -0.0000 0.1681 0.9858
vn 0.2995 0.2464 0.9217
vn 0.3046 0.1681 0.9375
vn 0.3046 -0.1681 0.9375
vn -0.0000 -0.1681 0.9858
vn -0.0000 -0.1709 0.9853
vn 0.3045 -0.1709 0.9371
vn 0.5815 0.1454 0.8004
vn 0.5791 -0.1709 0.7971
vn 0.1295 0.9907 0.0421
vn 0.1361 0.9907 -0.0000
vn 0.9858 0.1681 -0.0000
vn 0.9217 0.2464 -0.2995
vn 0.9375 0.1681 -0.3046
vn 0.9858 -0.1681 -0.0000
vn 0.9375 -0.1681 -0.3046
vn 0.3057 0.1454 0.9409
vn -0.0073 -1.0000 -0.0053
vn -0.0053 -1.0000 -0.0073
vn -0.7975 0.1681 -0.5794
vn -0.9217 0.2464 -0.2995
vn -0.9375 0.1681 -0.3046
vn -0.8090 -0.0000 -0.5878
vn -0.9511 -0.0000 -0.3090
vn -0.7975 -0.1681 -0.5794
vn -0.7971 -0.1709 -0.5791
vn -0.9375 -0.1681 -0.3046
vn -0.9371 -0.1709 -0.3045
vn 0.9409 0.1454 0.3057
vn 0.7971 -0.1709 0.5791
vn 0.9371 -0.1709 0.3045
vn -0.5794 0.1681 0.7975
vn -0.2995 0.2464 0.9217
vn -0.3046 0.1681 0.9375
vn -0.5878 -0.0000 0.8090
vn -0.3046 -0.1681 0.9375
vn -0.5794 -0.1681 0.7975
vn -0.3045 -0.1709 0.9371
vn 0.3057 0.1454 -0.9409
vn 0.3045 -0.1709 -0.9371
vn 0.7975 0.1681 0.5794
vn 0.9217 0.2464 0.2995
vn 0.9375 0.1681 0.3046
vn 0.7975 -0.1681 0.5794
vn 0.9375 -0.1681 0.3046
vn 0.2995 0.2464 -0.9217
vn 0.3046 0.1681 -0.9375
vn 0.3046 -0.1681 -0.9375
vn -0.8004 0.1454 0.5815
vn -0.7971 -0.1709 0.5791
vn -0.5697 0.2464 -0.7841
vn -0.5794 0.1681 -0.7975
vn -0.5794 -0.1681 -0.7975
vn -0.5791 -0.1709 -0.7971
vn -0.3057 0.1454 0.9409
vn -0.5791 -0.1709 0.7971
vn -0.0202 -0.9979 0.0620
vn -0.0525 -0.9979 0.0390
vn -0.1925 -0.9449 0.2649
vn -0.7975 0.1681 0.5794
vn -0.7841 0.2464 0.5697
vn -0.7975 -0.1681 0.5794
vn -0.0383 -0.9979 -0.0528
vn -0.1012 -0.9449 -0.3114
vn -0.0386 -0.9978 -0.0531
vn 0.3115 -0.9448 0.1012
vn 0.0652 -0.9979 -0.0000
vn 0.0528 -0.9979 0.0383
vn 0.5794 0.1681 0.7975
vn 0.5697 0.2464 0.7841
vn 0.5794 -0.1681 0.7975
vn -0.9409 0.1454 -0.3057
vn 0.1101 0.9907 -0.0800
vn 0.1295 0.9907 -0.0421
vn 0.7841 0.2464 -0.5697
vn -0.9894 0.1454 -0.0000
vn -0.9692 0.2464 -0.0000
vn -0.5815 0.1454 0.8004
vn -0.0000 0.2464 0.9692
vn -0.0800 0.9907 0.1101
vn -0.0421 0.9907 0.1295
vn -0.5815 0.1454 -0.8004
vn -0.1361 0.9907 -0.0000
vn -0.1295 0.9907 -0.0421
vn 0.9692 0.2464 -0.0000
vn -0.0000 0.1454 0.9894
vn -0.0000 0.9907 -0.1361
vn 0.0421 0.9907 -0.1295
vn -0.7841 0.2464 -0.5697
vn 0.8004 0.1454 -0.5815
vn -0.5697 0.2464 0.7841
vn -0.3074 0.1026 -0.9460
vn -0.5847 0.1026 -0.8047
vn -0.0000 0.2464 -0.9692
vn 0.2587 0.9660 -0.0000
vn 0.2460 0.9660 0.0799
vn 0.7841 0.2464 0.5697
vn 0.5815 0.1454 -0.8004
vn -0.0000 0.1454 -0.9894
vn 0.2851 0.3856 -0.8775
vn -0.0000 0.9255 -0.3788
vn 0.0654 0.9774 -0.2011
vn 0.1171 0.9255 -0.3603
vn 0.5423 0.3856 -0.7464
vn 0.2227 0.9255 -0.3065
vn 0.1243 0.9774 -0.1711
vn 0.7464 0.3856 -0.5423
vn 0.3065 0.9255 -0.2227
vn 0.1711 0.9774 -0.1243
vn 0.8775 0.3856 -0.2851
vn 0.2011 0.9774 -0.0654
vn 0.3603 0.9255 -0.1171
vn 0.9227 0.3856 -0.0000
vn 0.9894 0.1454 -0.0000
vn 0.2115 0.9774 -0.0000
vn 0.3788 0.9255 -0.0000
vn 0.8775 0.3856 0.2851
vn 0.3603 0.9255 0.1171
vn 0.2011 0.9774 0.0654
vn 0.7464 0.3856 0.5423
vn 0.8004 0.1454 0.5815
vn 0.1711 0.9774 0.1243
vn 0.3065 0.9255 0.2227
vn 0.5423 0.3856 0.7464
vn 0.1243 0.9774 0.1711
vn 0.2227 0.9255 0.3065
vn 0.2851 0.3856 0.8775
vn 0.0654 0.9774 0.2011
vn 0.1171 0.9255 0.3603
vn -0.0000 0.3856 0.9227
vn -0.0000 0.9255 0.3788
vn -0.0000 0.9774 0.2115
vn -0.2851 0.3856 0.8775
vn -0.0654 0.9774 0.2011
vn -0.1171 0.9255 0.3603
vn -0.5423 0.3856 0.7464
vn -0.2227 0.9255 0.3065
vn -0.1243 0.9774 0.1711
vn -0.7464 0.3856 0.5423
vn -0.1711 0.9774 0.1243
vn -0.3065 0.9255 0.2227
vn -0.8775 0.3856 0.2851
vn -0.2011 0.9774 0.0654
vn -0.3603 0.9255 0.1171
vn -0.9227 0.3856 -0.0000
vn -0.2115 0.9774 -0.0000
vn -0.3788 0.9255 -0.0000
vn -0.8775 0.3856 -0.2851
vn -0.3603 0.9255 -0.1171
vn -0.2011 0.9774 -0.0654
vn -0.7464 0.3856 -0.5423
vn -0.8004 0.1454 -0.5815
vn -0.3065 0.9255 -0.2227
vn -0.1711 0.9774 -0.1243
vn -0.5423 0.3856 -0.7464
vn -0.1243 0.9774 -0.1711
vn -0.2227 0.9255 -0.3065
vn -0.2851 0.3856 -0.8775
vn -0.0654 0.9774 -0.2011
vn -0.1171 0.9255 -0.3603
vn -0.0000 0.3856 -0.9227
vn -0.0000 0.9774 -0.2115
vn 0.8047 0.1026 0.5847
vn 0.5847 0.1026 0.8047
vn 0.8048 0.1026 0.5847
vn -0.9460 0.1026 -0.3074
vn -0.8047 0.1026 -0.5847
vn -0.3074 0.1026 0.9460
vn -0.0000 0.1026 0.9947
vn 0.9947 0.1026 -0.0000
vn 0.9460 0.1026 -0.3074
vn 0.9460 0.1026 0.3074
vn 0.8047 0.1026 -0.5847
vn 0.5847 0.1026 -0.8047
vn 0.5847 0.1026 -0.8048
vn -0.9947 0.1026 -0.0000
vn 0.5847 0.1026 0.8048
vn 0.3074 0.1026 0.9460
vn -0.8048 0.1026 0.5847
vn -0.9460 0.1026 0.3074
vn -0.8047 0.1026 0.5847
vn -0.5847 0.1026 0.8048
vn 0.3074 0.1026 -0.9460
vn -0.0000 0.1026 -0.9947
vn -0.5847 0.1026 0.8047
vn 0.2923 -0.9516 0.0950
vn 0.3073 -0.9516 -0.0000
vn -0.1806 -0.9516 -0.2486
vn -0.2486 -0.9516 -0.1806
vn -0.2486 -0.9516 0.1806
vn -0.1806 -0.9516 0.2486
vn -0.0000 -0.9516 -0.3073
vn 0.0950 -0.9516 -0.2923
vn 0.1806 -0.9516 0.2486
vn 0.2486 -0.9516 0.1806
vn 0.2486 -0.9516 -0.1806
vn 0.1806 -0.9516 -0.2486
vn -0.0950 -0.9516 -0.2923
vn -0.2923 -0.9516 0.0950
vn -0.3073 -0.9516 -0.0000
vn -0.0000 -0.9516 0.3073
vn 0.0950 -0.9516 0.2923
vn 0.2923 -0.9516 -0.0950
vn -0.2923 -0.9516 -0.0950
vn -0.0950 -0.9516 0.2923
vn -0.0000 0.9660 -0.2586
vn 0.0799 0.9660 -0.2460
vn -0.2092 0.9660 0.1520
vn -0.2460 0.9660 0.0799
vn 0.0421 0.9907 0.1295
vn -0.0000 0.9907 0.1361
vn -0.2586 0.9660 -0.0000
vn -0.1520 0.9660 -0.2092
vn -0.0799 0.9660 -0.2460
vn 0.1520 0.9660 0.2092
vn 0.0799 0.9660 0.2460
vn -0.0000 0.9660 0.2586
vn -0.0799 0.9660 0.2460
vn 0.2092 0.9660 -0.1520
vn 0.1520 0.9660 -0.2092
vn -0.2092 0.9660 -0.1520
vn -0.2460 0.9660 -0.0799
vn -0.1520 0.9660 0.2092
vn 0.2092 0.9660 0.1520
vn -0.0000 1.0000 -0.0000
vn -0.8778 0.3848 0.2852
vn -0.2852 0.3848 -0.8778
vn -0.0000 0.3592 -0.9333
vn -0.2884 0.3592 -0.8876
vn 0.8778 0.3848 0.2852
vn -0.7467 0.3848 0.5425
vn 0.9230 0.3848 -0.0000
vn -0.5425 0.3848 0.7467
vn 0.8778 0.3848 -0.2852
vn -0.2852 0.3848 0.8778
vn -0.5425 0.3848 -0.7467
vn 0.7467 0.3847 -0.5425
vn -0.0000 0.3848 0.9230
vn -0.7467 0.3848 -0.5425
vn 0.5425 0.3848 -0.7467
vn 0.2852 0.3848 0.8778
vn -0.8778 0.3848 -0.2852
vn 0.2852 0.3848 -0.8778
vn 0.5425 0.3848 0.7467
vn -0.9230 0.3848 -0.0000
vn -0.0000 0.3848 -0.9230
vn 0.7467 0.3848 0.5425
vn 0.8876 0.3592 -0.2884
vn -0.2884 0.3592 0.8876
vn -0.5486 0.3592 -0.7550
vn 0.7550 0.3592 -0.5486
vn -0.0000 0.3592 0.9333
vn -0.7550 0.3592 -0.5486
vn 0.5486 0.3592 -0.7550
vn 0.2884 0.3592 0.8876
vn -0.8876 0.3592 -0.2884
vn 0.2884 0.3592 -0.8876
vn 0.5486 0.3592 0.7550
vn -0.9333 0.3592 -0.0000
vn 0.7550 0.3592 0.5486
vn -0.8876 0.3592 0.2884
vn 0.8876 0.3592 0.2884
vn -0.7550 0.3592 0.5486
vn 0.9333 0.3592 -0.0000
vn -0.5486 0.3592 0.7550
vn 0.0073 1.0000 -0.0053
vn 0.0053 1.0000 -0.0073
vn -0.0073 1.0000 0.0053
vn -0.0053 1.0000 0.0073
vn -0.4815 0.5735 0.6627
vn -0.0000 0.3003 0.9538
vn -0.0000 0.5735 0.8192
vn -0.3570 0.7944 0.4914
vn -0.0000 0.7944 0.6074
vn -0.1979 0.9416 0.2724
vn -0.0000 0.9416 0.3367
vn -0.0000 0.1564 0.9877
vn -0.5607 0.3003 0.7717
vn -0.5805 0.1564 0.7991
vn -0.9072 0.3003 0.2948
vn -0.5777 0.7944 0.1877
vn -0.3202 0.9416 0.1041
vn -0.3202 0.9416 -0.1041
vn -0.7791 0.5735 -0.2532
vn -0.7791 0.5735 0.2531
vn -0.5777 0.7944 -0.1877
vn -0.9072 0.3003 -0.2948
vn -0.9393 0.1564 0.3052
vn -0.5607 0.3003 -0.7717
vn -0.9393 0.1564 -0.3052
vn -0.1979 0.9416 -0.2724
vn -0.4815 0.5735 -0.6627
vn -0.3570 0.7944 -0.4914
vn -0.0000 0.9416 -0.3367
vn -0.0000 0.3003 -0.9538
vn -0.5806 0.1564 -0.7991
vn -0.0000 0.5735 -0.8192
vn -0.0000 0.7944 -0.6074
vn 0.3570 0.7944 -0.4914
vn 0.5607 0.3003 -0.7717
vn -0.0000 0.1564 -0.9877
vn 0.1979 0.9416 -0.2724
vn 0.4815 0.5735 -0.6627
vn 0.5777 0.7944 -0.1877
vn 0.5805 0.1564 -0.7991
vn 0.9072 0.3003 -0.2948
vn 0.9393 0.1564 -0.3052
vn 0.3202 0.9416 -0.1041
vn 0.7791 0.5735 -0.2531
vn 0.9072 0.3003 0.2948
vn 0.7791 0.5735 0.2531
vn 0.5777 0.7944 0.1877
vn 0.9393 0.1564 0.3052
vn 0.3202 0.9416 0.1041
vn 0.1979 0.9416 0.2724
vn 0.4815 0.5735 0.6627
vn 0.3570 0.7944 0.4914
vn 0.5805 0.1564 0.7991
vn 0.5607 0.3003 0.7717
vn -0.2948 -0.2999 -0.9073
vn -0.5607 -0.2999 -0.7718
vn 0.5318 -0.4260 0.7320
vn 0.7319 -0.4260 0.5318
vn 0.7320 -0.4260 0.5318
vn -0.7718 -0.2999 -0.5607
vn -0.9073 -0.2999 -0.2948
vn -0.0000 -0.2999 -0.9540
vn 0.2948 -0.2999 -0.9073
vn 0.5607 -0.2999 0.7718
vn 0.7718 -0.2999 0.5607
vn 0.2948 -0.2999 0.9073
vn -0.0000 -0.2999 0.9540
vn 0.7718 -0.2999 -0.5607
vn 0.5607 -0.2999 -0.7718
vn -0.9073 -0.2999 0.2948
vn -0.7718 -0.2999 0.5607
vn -0.5607 -0.2999 0.7718
vn -0.2948 -0.2999 0.9073
vn 0.9073 -0.2999 0.2948
vn -0.9540 -0.2999 -0.0000
vn 0.9073 -0.2999 -0.2948
vn 0.9540 -0.2999 -0.0000
vn -0.0000 -0.4260 0.9047
vn 0.2796 -0.4260 0.8605
vn 0.7320 -0.4260 -0.5318
vn 0.5318 -0.4260 -0.7319
vn 0.5318 -0.4260 -0.7320
vn -0.8605 -0.4260 0.2796
vn -0.7320 -0.4260 0.5318
vn -0.5318 -0.4260 0.7319
vn -0.5318 -0.4260 0.7320
vn -0.2796 -0.4260 0.8605
vn 0.8605 -0.4260 0.2796
vn -0.9047 -0.4260 -0.0000
vn 0.9047 -0.4260 -0.0000
vn 0.8605 -0.4260 -0.2796
vn -0.8605 -0.4260 -0.2796
vn -0.5318 -0.4260 -0.7320
vn -0.7319 -0.4260 -0.5318
vn -0.7320 -0.4260 -0.5318
vn 0.2796 -0.4260 -0.8605
vn -0.2796 -0.4260 -0.8605
vn -0.0000 -0.4260 -0.9047
vn -0.0421 0.9907 -0.1295
vn 0.1101 0.9907 0.0800
vn 0.0800 0.9907 -0.1101
vn -0.1101 0.9907 0.0800
vn -0.1295 0.9907 0.0421
vn 0.2460 0.9660 -0.0799
vn 0.0800 0.9907 0.1101
vn 0.0073 -1.0000 -0.0053
vn 0.0053 -1.0000 -0.0073
vn -0.0053 -1.0000 0.0073
vn -0.0073 -1.0000 0.0053
vn 0.0086 -1.0000 -0.0028
vn -0.0028 -1.0000 0.0086
vn 0.0090 -1.0000 -0.0000
vn -0.0000 -1.0000 0.0090
vn 0.0086 -1.0000 0.0028
vn 0.0028 -1.0000 0.0086
vn -0.0086 -1.0000 0.0028
vn 0.0028 -1.0000 -0.0086
vn -0.0091 -1.0000 -0.0000
vn -0.0000 -1.0000 -0.0091
vn -0.0086 -1.0000 -0.0028
vn -0.0028 -1.0000 -0.0086
vn -0.0000 -0.9449 0.3275
vn 0.0203 -0.9978 0.0624
vn 0.0202 -0.9979 0.0620
vn -0.0624 -0.9979 0.0196
vn -0.0624 -0.9978 0.0203
vn -0.0531 -0.9978 0.0386
vn -0.0203 -0.9978 0.0624
vn -0.3274 -0.9449 -0.0000
vn -0.0620 -0.9979 -0.0202
vn -0.0000 -0.9979 -0.0652
vn 0.0379 -0.9979 -0.0533
vn 0.0533 -0.9979 -0.0379
vn 0.0531 -0.9978 -0.0386
vn 0.0386 -0.9978 -0.0531
vn -0.0624 -0.9978 -0.0203
vn 0.1012 -0.9449 -0.3114
vn -0.2649 -0.9449 -0.1925
vn -0.0000 -0.9978 -0.0656
vn 0.3115 -0.9448 -0.1012
vn 0.1925 -0.9449 0.2649
vn 0.0656 -0.9978 -0.0000
vn 0.0531 -0.9978 0.0386
vn 0.0073 1.0000 0.0053
vn 0.0053 1.0000 0.0073
vn -0.0053 1.0000 -0.0073
vn -0.0073 1.0000 -0.0053
vn 0.0086 1.0000 0.0028
vn -0.0028 1.0000 -0.0086
vn 0.0091 1.0000 -0.0000
vn -0.0000 1.0000 -0.0090
vn 0.0086 1.0000 -0.0028
vn 0.0028 1.0000 -0.0086
vn -0.0086 1.0000 -0.0028
vn 0.0028 1.0000 0.0086
vn -0.0090 1.0000 -0.0000
vn -0.0000 1.0000 0.0091
vn -0.0086 1.0000 0.0028
vn -0.0028 1.0000 0.0086
vt 0.250000 0.500000
vt 0.300000 0.633829
vt 0.250000 0.633829
vt 0.880759 0.154998
vt 0.918923 0.195114
vt 0.854400 0.106305
vt 0.839931 0.279220
vt 0.829229 0.250000
vt 0.825351 0.274483
vt 0.050000 0.500000
vt 0.100000 0.633829
vt 0.050000 0.633829
vt 0.850000 0.500000
vt 0.900000 0.633829
vt 0.850000 0.633829
vt -0.000000 0.500000
vt -0.000000 0.633829
vt 0.500000 0.500000
vt 0.550000 0.633829
vt 0.500000 0.633829
vt 0.705623 0.113422
vt 0.720780 0.160069
vt 0.750000 0.155441
vt 0.300000 0.500000
vt 0.350000 0.633829
vt 0.600000 0.500000
vt 0.650000 0.633829
vt 0.600000 0.633829
vt 0.700000 0.500000
vt 0.750000 0.633829
vt 0.700000 0.633829
vt 0.633820 0.334410
vt 0.665591 0.366180
vt 0.750000 0.500000
vt 0.800000 0.633829
vt 0.950000 0.500000
vt 1.000000 0.633829
vt 0.950000 0.633829
vt 0.450000 0.500000
vt 0.850000 1.000000
vt 0.900000 1.000000
vt 0.900000 1.000000
vt 0.850000 1.000000
vt 0.900000 1.000000
vt 0.850000 1.000000
vt 0.900000 1.000000
vt 0.050000 1.000000
vt -0.000000 1.000000
vt 0.050000 1.000000
vt 0.600000 1.000000
vt 0.650000 1.000000
vt -0.000000 1.000000
vt 0.050000 1.000000
vt 0.300000 1.000000
vt 0.250000 1.000000
vt 0.300000 1.000000
vt 0.300000 1.000000
vt 0.250000 1.000000
vt 0.250000 1.000000
vt 0.800000 1.000000
vt 0.750000 1.000000
vt 0.800000 1.000000
vt 0.500000 1.000000
vt 0.550000 1.000000
vt 0.550000 1.000000
vt 0.500000 1.000000
vt 0.500000 1.000000
vt 0.550000 1.000000
vt 0.600000 1.000000
vt 0.200000 1.000000
vt 0.750000 1.000000
vt 0.800000 1.000000
vt 0.800000 1.000000
vt 0.750000 1.000000
vt 0.800000 1.000000
vt 0.866180 0.165590
vt 0.834409 0.133820
vt 0.150000 1.000000
vt 0.150000 1.000000
vt 0.200000 1.000000
vt 0.150000 1.000000
vt 0.200000 1.000000
vt 0.700000 1.000000
vt 0.650000 1.000000
vt 0.700000 1.000000
vt 0.400000 1.000000
vt 0.450000 1.000000
vt 0.450000 1.000000
vt 0.400000 1.000000
vt 0.400000 1.000000
vt 0.450000 1.000000
vt 0.950000 1.000000
vt 0.950000 1.000000
vt 0.650000 1.000000
vt 0.700000 1.000000
vt 0.700000 1.000000
vt 0.650000 1.000000
vt 0.700000 1.000000
vt 0.950000 1.000000
vt 0.950000 1.000000
vt 0.350000 1.000000
vt 0.350000 1.000000
vt 0.100000 1.000000
vt 0.100000 1.000000
vt 0.050000 1.000000
vt 0.400000 1.000000
vt 0.400000 1.000000
vt 0.750000 1.000000
vt 0.650000 1.000000
vt 0.600000 1.000000
vt 0.550000 1.000000
vt 0.200000 1.000000
vt 0.400000 1.000000
vt 0.500000 1.000000
vt 0.450000 1.000000
vt 0.850000 1.000000
vt 0.400000 1.000000
vt 1.000000 1.000000
vt 0.250000 0.489745
vt 0.313194 0.444490
vt 0.324085 0.478011
vt 0.390919 0.443958
vt 0.370202 0.415443
vt 0.443958 0.390919
vt 0.415443 0.370202
vt 0.444490 0.313194
vt 0.478011 0.324085
vt 0.454499 0.250000
vt 0.489745 0.250000
vt 0.478011 0.175915
vt 0.444490 0.186806
vt 0.650000 1.000000
vt 0.415443 0.129799
vt 0.443958 0.109081
vt 0.370202 0.084557
vt 0.390919 0.056042
vt 0.313194 0.055510
vt 0.324085 0.021989
vt 0.250000 0.010255
vt 0.250000 0.045501
vt 0.186806 0.055510
vt 0.175915 0.021989
vt 0.109081 0.056042
vt 0.129798 0.084557
vt 0.084557 0.129799
vt 0.056042 0.109081
vt 0.055510 0.186806
vt 0.021989 0.175915
vt 0.045501 0.250000
vt 0.010255 0.250000
vt 0.021989 0.324085
vt 0.055510 0.313194
vt 0.150000 1.000000
vt 0.150000 1.000000
vt 0.056042 0.390919
vt 0.084557 0.370202
vt 0.129799 0.415443
vt 0.109081 0.443958
vt 0.186806 0.444490
vt 0.175915 0.478011
vt 0.001084 1.000000
vt 0.250000 0.454499
vt 0.307444 0.073205
vt 0.250000 0.064107
vt 0.250000 1.000000
vt 0.695114 0.418923
vt 0.645600 0.393695
vt 0.200000 0.500000
vt 0.250000 0.500000
vt 0.800000 0.500000
vt 0.850000 0.500000
vt 0.550000 0.500000
vt 0.300000 0.500000
vt 0.350000 0.500000
vt 0.050000 0.500000
vt 0.100000 0.500000
vt 0.900000 0.500000
vt 0.950000 0.500000
vt 0.950000 0.500000
vt 0.650000 0.500000
vt 0.400000 0.500000
vt 0.450000 0.500000
vt 0.150000 0.500000
vt 0.550000 0.500000
vt 0.050000 0.500000
vt 1.000000 0.500000
vt 0.150000 0.500000
vt 0.750000 0.500000
vt 0.650000 0.500000
vt 0.800000 0.500000
vt 0.450000 0.500000
vt 0.703430 0.185902
vt 0.674648 0.225517
vt 0.695224 0.210203
vt 0.903717 0.200054
vt 0.911628 0.250000
vt 0.918923 0.304886
vt 0.893695 0.354400
vt 0.695114 0.081077
vt 0.750000 0.072384
vt 0.606305 0.354400
vt 0.854400 0.393695
vt 0.804887 0.081077
vt 0.581077 0.304886
vt 0.804887 0.418923
vt 0.572384 0.250000
vt 0.750000 0.427616
vt 0.893695 0.145600
vt 0.581077 0.195114
vt 0.606305 0.145600
vt 0.927616 0.250000
vt 0.645600 0.106305
vt 0.705623 0.113422
vt 0.750000 0.106394
vt 0.400000 0.633829
vt 0.450000 0.633829
vt 0.750000 0.393606
vt 0.705623 0.386578
vt 0.702629 0.104206
vt 0.659894 0.125980
vt 0.619240 0.154998
vt 0.654998 0.119241
vt 0.750000 0.411628
vt 0.700054 0.403717
vt 0.903717 0.299946
vt 0.700054 0.096283
vt 0.654998 0.380760
vt 0.880759 0.345002
vt 0.750000 0.088372
vt 0.619241 0.345002
vt 0.845002 0.380759
vt 0.799946 0.096283
vt 0.596283 0.299946
vt 0.799946 0.403717
vt 0.845002 0.119240
vt 0.588372 0.250000
vt 0.596283 0.200054
vt 0.874020 0.340106
vt 0.895794 0.297371
vt 0.604206 0.202629
vt 0.625980 0.159894
vt 0.665590 0.133820
vt 0.702629 0.395794
vt 0.659894 0.374020
vt 0.750000 0.096703
vt 0.625980 0.340106
vt 0.840106 0.374020
vt 0.797371 0.104206
vt 0.604206 0.297371
vt 0.797371 0.395794
vt 0.840106 0.125980
vt 0.596703 0.250000
vt 0.750000 0.403297
vt 0.874020 0.159894
vt 0.895794 0.202629
vt 0.903297 0.250000
vt 0.750000 0.393606
vt 0.750000 0.106394
vt 0.794377 0.113422
vt 0.606394 0.250000
vt 0.613422 0.205623
vt 0.886577 0.294377
vt 0.866180 0.334410
vt 0.633820 0.334410
vt 0.834409 0.366180
vt 0.613423 0.294377
vt 0.794377 0.386578
vt 0.834410 0.133820
vt 0.866180 0.165590
vt 0.886577 0.205623
vt 0.633820 0.165590
vt 0.893606 0.250000
vt 0.834409 0.133820
vt 0.694420 0.326500
vt 0.673500 0.305580
vt 0.606394 0.250000
vt 0.613422 0.205623
vt 0.886577 0.205623
vt 0.750000 0.393606
vt 0.705623 0.386578
vt 0.794377 0.113422
vt 0.794377 0.386578
vt 0.794377 0.386578
vt 0.794377 0.386578
vt 0.750000 0.106394
vt 0.606394 0.250000
vt 0.794377 0.113422
vt 0.794377 0.113422
vt 0.794377 0.386577
vt 0.834410 0.366180
vt 0.794377 0.386578
vt 0.794377 0.113422
vt 0.866180 0.334410
vt 0.893606 0.250000
vt 0.633820 0.334410
vt 0.705623 0.113422
vt 0.705623 0.113422
vt 0.633820 0.165590
vt 0.665590 0.366180
vt 0.705623 0.386578
vt 0.660069 0.220780
vt 0.685902 0.203430
vt 0.665591 0.133820
vt 0.886577 0.205623
vt 0.200000 0.633829
vt 0.613422 0.205623
vt 0.613422 0.205623
vt 0.675836 0.021746
vt 0.866180 0.165590
vt 0.866180 0.165590
vt 0.750000 0.344559
vt 0.779220 0.339931
vt 0.780786 0.207626
vt 0.792374 0.219214
vt 0.826500 0.305580
vt 0.805580 0.326500
vt 0.779220 0.160069
vt 0.660069 0.279220
vt 0.805580 0.173500
vt 0.655441 0.250000
vt 0.826500 0.194419
vt 0.839931 0.220780
vt 0.673500 0.194419
vt 0.844559 0.250000
vt 0.694419 0.173500
vt 0.720779 0.339931
vt 0.359265 0.099609
vt 0.825352 0.225517
vt 0.400391 0.140735
vt 0.814098 0.203430
vt 0.750000 0.317707
vt 0.770922 0.314393
vt 0.426795 0.192556
vt 0.796570 0.185902
vt 0.789797 0.304776
vt 0.435893 0.250000
vt 0.774483 0.174648
vt 0.804776 0.289797
vt 0.426795 0.307444
vt 0.750000 0.170770
vt 0.814393 0.270923
vt 0.400391 0.359265
vt 0.725517 0.174648
vt 0.817706 0.250000
vt 0.359265 0.400391
vt 0.750000 0.197623
vt 0.719213 0.292374
vt 0.780786 0.292374
vt 0.697623 0.250000
vt 0.700186 0.233815
vt 0.799813 0.233815
vt 0.707626 0.219214
vt 0.802377 0.250000
vt 0.719213 0.207626
vt 0.750000 0.302377
vt 0.733814 0.299814
vt 0.799813 0.266185
vt 0.733815 0.200186
vt 0.792374 0.280786
vt 0.707626 0.280786
vt 0.766185 0.200186
vt 0.700186 0.266185
vt 0.766185 0.299814
vt 0.307444 0.426795
vt 0.150000 0.633829
vt 0.192556 0.073205
vt 0.140735 0.099609
vt 0.824164 0.478254
vt 0.250000 0.100798
vt 0.162301 0.129293
vt 0.250000 0.399202
vt 0.337699 0.370707
vt 0.814098 0.296570
vt 0.796570 0.314098
vt 0.774483 0.325352
vt 0.099609 0.140735
vt 0.750000 0.329230
vt 0.073205 0.192556
vt 0.729077 0.314393
vt 0.064107 0.250000
vt 0.710203 0.304776
vt 0.073205 0.307444
vt 0.695224 0.289797
vt 0.099609 0.359265
vt 0.685607 0.270922
vt 0.140735 0.400391
vt 0.682293 0.250000
vt 0.192556 0.426795
vt 0.685607 0.229077
vt 0.250000 0.435893
vt 0.725517 0.325352
vt 0.710203 0.195224
vt 0.703430 0.314098
vt 0.729078 0.185607
vt 0.685902 0.296570
vt 0.750000 0.182293
vt 0.674648 0.274483
vt 0.770922 0.185607
vt 0.670770 0.250000
vt 0.789797 0.195224
vt 0.804776 0.210203
vt 0.814393 0.229077
vt 0.600000 0.300000
vt 0.700000 0.400000
vt 0.700000 0.300000
vt 0.600000 0.200000
vt 0.700000 0.200000
vt 0.600000 0.100000
vt 0.700000 0.100000
vt 0.700000 0.492143
vt 0.600000 0.400000
vt 0.600000 0.492143
vt 0.650000 0.000000
vt 0.500000 0.400000
vt 0.500000 0.200000
vt 0.500000 0.100000
vt 0.550000 0.000000
vt 0.450000 0.000000
vt 0.400000 0.100000
vt 0.400000 0.300000
vt 0.500000 0.300000
vt 0.400000 0.200000
vt 0.400000 0.400000
vt 0.500000 0.492143
vt 0.300000 0.400000
vt 0.400000 0.492143
vt 0.350000 0.000000
vt 0.300000 0.100000
vt 0.300000 0.300000
vt 0.300000 0.200000
vt 0.200000 0.100000
vt 0.200000 0.400000
vt 0.300000 0.492143
vt 0.250000 0.000000
vt 0.200000 0.300000
vt 0.200000 0.200000
vt 0.100000 0.200000
vt 0.100000 0.400000
vt 0.200000 0.492143
vt 0.150000 0.000000
vt 0.100000 0.100000
vt 0.100000 0.300000
vt 0.000000 0.200000
vt 0.100000 0.492143
vt 0.000000 0.400000
vt 0.000000 0.492143
vt 0.050000 0.000000
vt 0.000000 0.100000
vt 0.000000 0.300000
vt 1.000000 0.300000
vt 0.900000 0.400000
vt 1.000000 0.400000
vt 1.000000 0.200000
vt 0.900000 0.300000
vt 1.000000 0.100000
vt 0.900000 0.200000
vt 1.000000 0.492142
vt 0.900000 0.492142
vt 0.950000 0.000000
vt 0.900000 0.100000
vt 0.850000 0.000000
vt 0.800000 0.100000
vt 0.800000 0.300000
vt 0.800000 0.200000
vt 0.800000 0.492143
vt 0.800000 0.400000
vt 0.750000 0.000000
vt 0.000000 0.000000
vt -0.000000 1.000000
vt 0.998915 1.000000
vt 0.510000 0.250000
vt 0.521746 0.324164
vt 0.555836 0.391068
vt 0.608932 0.444164
vt 0.675836 0.478254
vt 0.750000 0.490000
vt 0.891068 0.444164
vt 0.944164 0.391068
vt 0.978254 0.324164
vt 0.990000 0.250000
vt 0.978254 0.175836
vt 0.944164 0.108932
vt 0.891068 0.055836
vt 0.824164 0.021746
vt 0.108100 0.203894
vt 0.337699 0.129293
vt 0.391900 0.203894
vt 0.391900 0.296106
vt 0.162301 0.370707
vt 0.108100 0.296106
vt 0.300000 0.492142
vt 0.750000 0.010000
vt 0.608932 0.055836
vt 0.555836 0.108932
vt 0.521746 0.175836
s 1
usemtl top
f 148/40/21 180/41/22 179/42/23
f 179/42/23 149/43/6 148/40/21
f 178/44/7 150/45/24 149/43/6
f 151/43/25 177/41/26 176/46/27
f 240/47/28 79/48/29 170/49/30
f 263/50/31 262/51/32 64/50/31
f 72/52/33 174/53/34 173/49/35
f 173/49/35 75/52/8 72/52/33
f 75/52/8 171/53/36 76/52/37
f 170/49/30 76/52/37 171/53/36
f 225/54/38 139/55/39 164/54/40
f 136/55/41 168/56/42 167/57/43
f 167/57/43 137/58/1 136/55/41
f 137/58/1 165/54/44 138/59/45
f 139/55/39 165/54/44 164/54/40
f 195/60/46 115/61/47 152/62/48
f 124/63/49 162/64/50 161/65/51
f 161/65/51 125/66/9 124/63/49
f 125/66/9 159/64/52 126/63/53
f 127/67/54 159/64/52 158/68/55
f 207/69/56 158/68/55 52/69/57
f 275/70/58 274/55/59 144/70/58
f 112/71/60 156/72/61 155/73/62
f 155/73/62 113/74/15 112/71/60
f 154/75/18 114/71/63 113/74/15
f 115/61/47 153/72/64 152/62/48
f 210/68/65 127/67/54 158/68/55
f 100/78/68 144/70/69 143/70/70
f 143/70/70 101/79/71 100/78/68
f 142/80/72 102/78/73 101/79/71
f 103/81/74 141/70/75 140/82/76
f 201/83/77 51/84/78 116/85/79
f 88/86/80 132/87/81 131/88/82
f 131/88/82 89/89/83 88/86/80
f 89/89/83 129/87/84 90/90/85
f 128/91/86 90/90/85 129/87/84
f 183/92/87 176/46/27 80/93/88
f 44/94/89 120/95/90 119/96/91
f 119/96/91 45/97/13 44/94/89
f 118/95/14 46/94/92 45/97/13
f 51/84/78 117/98/93 116/85/79
f 115/61/47 201/83/77 116/85/79
f 179/42/23 84/99/94 83/99/95
f 83/99/95 178/44/7 179/42/23
f 82/99/19 177/41/26 178/44/7
f 176/46/27 81/100/96 80/93/88
f 222/101/97 164/54/40 92/102/98
f 173/49/35 108/103/99 107/104/100
f 107/104/100 172/105/4 173/49/35
f 106/104/5 171/53/36 172/105/4
f 170/49/30 105/104/101 104/103/102
f 216/87/103 91/106/104 128/91/86
f 253/87/105 255/101/106 22/107/107
f 95/101/108 168/56/42 96/102/109
f 95/101/108 166/54/2 167/57/43
f 166/54/2 93/101/110 165/54/44
f 164/54/40 93/101/110 92/102/98
f 260/104/111 37/53/112 34/104/113
f 12/95/114 247/108/115 249/109/116
f 60/110/117 162/64/50 64/50/118
f 60/110/117 160/111/10 161/65/51
f 58/110/12 159/64/52 160/111/10
f 52/69/57 159/64/52 57/110/119
f 231/112/120 103/81/74 140/82/76
f 96/102/121 168/56/122 267/102/121
f 148/40/21 156/72/61 147/43/123
f 148/40/21 154/75/18 155/73/62
f 149/43/6 153/72/64 154/75/18
f 151/43/25 153/72/64 150/45/24
f 228/55/124 140/82/76 139/55/39
f 136/55/41 144/70/69 135/55/125
f 143/70/70 137/58/1 142/80/72
f 137/58/1 141/70/75 142/80/72
f 139/55/39 141/70/75 138/59/45
f 219/113/126 92/102/98 91/106/104
f 124/63/49 132/87/81 123/114/127
f 131/88/82 125/66/9 130/115/20
f 125/66/9 129/87/84 130/115/20
f 126/63/53 128/91/86 129/87/84
f 281/41/128 265/99/129 180/41/128
f 103/81/74 237/104/130 104/103/102
f 111/108/131 120/95/132 270/108/131
f 112/71/60 120/95/90 111/108/133
f 112/71/60 118/95/14 119/96/91
f 113/74/15 117/98/93 118/95/14
f 115/61/47 117/98/93 114/71/63
f 213/114/134 128/91/86 127/67/54
f 123/114/135 132/87/136 272/114/135
f 99/79/137 107/104/100 108/103/99
f 100/78/68 106/104/5 107/104/100
f 101/79/71 105/104/101 106/104/5
f 103/81/74 105/104/101 102/78/73
f 192/116/138 152/62/48 151/43/25
f 88/86/80 96/102/109 87/117/139
f 95/101/108 89/89/83 94/101/11
f 89/89/83 93/101/110 94/101/11
f 91/106/104 93/101/110 90/90/85
f 79/118/29 183/92/87 80/93/88
f 280/53/140 260/104/141 269/103/141
f 72/118/33 84/99/94 68/118/142
f 72/118/33 82/99/19 83/99/95
f 75/118/8 81/100/96 82/99/19
f 79/118/29 81/100/96 76/118/37
f 237/104/130 170/49/30 104/103/102
f 44/94/89 64/50/118 39/51/145
f 44/94/89 58/110/12 60/110/117
f 58/110/12 46/94/92 57/110/119
f 51/84/78 57/110/119 46/94/92
f 189/41/146 151/43/25 176/46/27
f 185/118/147 184/92/148 183/92/87
f 187/119/149 883/120/150 184/121/151
f 183/92/87 190/44/152 189/41/146
f 190/122/153 883/120/150 884/123/154
f 189/41/146 193/43/155 192/116/138
f 193/124/156 884/123/154 885/125/157
f 192/116/138 196/60/158 195/60/46
f 193/124/156 886/126/159 196/127/160
f 195/60/46 199/108/161 198/108/162
f 196/127/160 887/128/163 199/129/164
f 198/108/162 202/95/165 201/83/77
f 202/130/166 887/128/163 888/131/167
f 201/83/77 205/51/168 204/132/169
f 202/130/166 889/133/170 205/134/171
f 204/132/169 208/69/172 207/69/56
f 205/134/171 890/135/173 208/136/174
f 207/69/56 211/68/175 210/68/65
f 208/136/174 891/137/176 211/138/177
f 213/114/134 211/68/175 214/114/178
f 214/139/179 891/137/176 892/140/180
f 213/114/134 217/87/181 216/87/103
f 214/139/179 893/141/182 217/142/183
f 216/87/103 220/107/184 219/113/126
f 220/143/185 893/141/182 894/144/186
f 222/101/97 220/107/184 223/101/187
f 220/143/185 895/145/188 223/146/189
f 222/101/97 226/54/190 225/54/38
f 223/146/189 896/147/191 226/148/192
f 225/54/38 229/55/193 228/55/124
f 226/148/192 897/149/194 229/150/195
f 228/55/124 232/70/196 231/112/120
f 232/151/197 897/149/194 898/152/198
f 231/112/120 235/153/199 234/154/200
f 235/155/201 898/152/198 899/156/202
f 234/154/200 238/104/203 237/104/130
f 235/155/201 900/157/204 238/158/205
f 237/104/130 241/49/206 240/47/28
f 238/158/205 901/159/207 241/160/208
f 240/47/28 187/161/209 185/48/147
f 187/119/149 901/159/207 882/162/210
f 209/163/10 992/164/9 212/164/9
f 262/51/211 250/69/212 249/109/213
f 275/70/214 259/154/215 258/70/214
f 273/87/216 252/114/217 272/114/217
f 270/108/218 246/60/219 277/72/219
f 271/95/220 247/108/218 270/108/218
f 276/43/221 244/44/222 281/41/223
f 274/55/224 258/70/214 257/165/224
f 276/43/221 246/60/219 245/43/221
f 263/50/225 251/68/226 250/69/212
f 267/102/227 256/54/228 255/101/229
f 279/56/228 257/165/224 256/54/228
f 271/95/220 249/109/213 248/95/220
f 273/87/216 254/107/230 253/87/216
f 265/99/231 243/118/232 264/118/232
f 280/53/140 243/48/232 261/53/140
f 204/132/169 52/69/57 51/84/78
f 281/41/223 242/92/231 265/99/231
f 259/154/215 269/103/141 260/104/141
f 278/64/226 252/114/217 251/68/226
f 266/117/233 255/101/229 254/107/230
f 174/53/258 68/118/259 280/53/258
f 206/327/12 991/163/10 209/163/10
f 203/329/13 990/327/12 206/327/12
f 200/333/14 989/329/13 203/329/13
f 197/336/15 988/333/14 200/333/14
f 194/339/18 987/336/15 197/336/15
f 191/342/6 986/339/18 194/339/18
f 188/345/7 985/342/6 191/342/6
f 182/364/273 188/345/273 884/123/154
f 215/366/273 218/367/273 894/144/186
f 993/366/273 1007/369/273 1005/370/273
f 1004/371/273 1009/372/273 983/364/273
f 212/164/9 993/366/20 215/366/20
f 215/366/20 994/367/83 218/367/83
f 218/367/83 995/376/11 221/376/11
f 221/376/11 996/378/2 224/378/2
f 224/378/2 997/380/1 227/380/1
f 227/380/1 998/382/72 230/382/72
f 230/382/72 999/384/71 233/384/71
f 233/384/71 1000/386/5 236/386/5
f 236/386/5 1001/388/4 239/388/4
f 239/388/4 982/390/8 186/390/8
f 186/390/8 983/364/19 182/364/19
f 182/364/19 984/345/7 188/345/7
f 8/403/318 73/404/319 74/405/320
f 9/406/321 74/405/320 77/407/322
f 11/408/323 77/407/322 78/409/324
f 1004/410/325 6/411/326 1009/412/327
f 2/413/273 11/408/323 78/409/324
f 8/403/318 15/414/328 6/411/326
f 18/415/329 8/403/318 9/406/321
f 19/416/330 9/406/321 11/408/323
f 15/414/328 1009/412/327 6/411/326
f 2/417/273 19/416/330 11/408/323
f 2/418/273 28/419/331 19/416/330
f 24/420/332 15/414/328 16/421/333
f 26/422/334 16/421/333 18/415/329
f 28/419/331 18/415/329 19/416/330
f 23/423/335 1011/424/336 15/414/328
f 32/425/337 1010/426/338 23/423/335
f 2/427/273 36/428/339 28/419/331
f 33/429/340 23/423/335 24/420/332
f 35/430/341 24/420/332 26/422/334
f 36/428/339 26/422/334 28/419/331
f 43/431/342 35/430/341 36/428/339
f 40/432/343 1006/433/344 32/425/337
f 2/434/273 43/431/342 36/428/339
f 41/435/345 32/425/337 33/429/340
f 42/436/346 33/429/340 35/430/341
f 49/437/347 41/435/345 42/436/346
f 43/431/342 49/437/347 42/436/346
f 47/438/348 1007/439/349 40/432/343
f 2/440/273 50/441/350 43/431/342
f 48/442/351 40/432/343 41/435/345
f 55/443/352 48/442/351 49/437/347
f 50/441/350 55/443/352 49/437/347
f 1005/444/353 53/445/354 1008/446/355
f 2/447/273 56/448/356 50/441/350
f 54/449/357 47/438/348 48/442/351
f 54/450/357 59/451/358 53/452/354
f 55/453/352 61/454/359 54/450/357
f 56/455/356 62/456/360 55/453/352
f 1008/457/355 59/451/358 1002/458/361
f 2/459/273 63/460/362 56/455/356
f 2/461/273 71/462/363 63/460/362
f 69/463/364 59/451/358 61/454/359
f 70/464/365 61/454/359 62/456/360
f 71/462/363 62/456/360 63/460/362
f 59/451/358 1003/465/366 1002/458/361
f 71/462/363 77/407/322 70/464/365
f 67/466/367 1004/410/325 1003/465/366
f 2/467/273 78/409/324 71/462/363
f 74/405/320 67/466/367 69/463/364
f 77/407/322 69/463/364 70/464/365
f 1012/19/368 1065/28/369 1025/28/369
f 30/468/273 14/468/273 7/468/273
f 1034/468/370 1075/468/371 1035/468/372
f 1022/27/373 1053/31/374 1016/31/374
f 1023/20/375 1064/19/368 1012/19/368
f 1029/216/376 1066/20/375 1023/20/375
f 1021/11/377 1055/365/378 1031/365/378
f 1028/12/379 1068/17/380 1071/12/379
f 1020/25/381 1062/215/382 1017/215/382
f 1015/35/383 1057/15/384 1030/15/384
f 1030/15/384 1059/14/385 1026/14/385
f 1018/38/386 1068/37/380 1014/37/380
f 1031/365/378 1058/305/387 1024/305/387
f 1028/12/379 1054/11/377 1021/11/377
f 1015/35/383 1069/30/388 1056/35/383
f 1026/14/385 1060/38/386 1018/38/386
f 1013/2/389 1061/3/390 1070/2/389
f 1027/30/388 1053/31/374 1069/30/388
f 1019/3/390 1058/305/387 1061/3/390
f 1025/28/369 1052/27/373 1022/27/373
f 1017/215/382 1063/216/376 1029/216/376
f 1013/2/389 1067/25/381 1020/25/381
f 1033/468/3 1052/468/3 1032/468/3
f 1035/468/3 1054/468/3 1034/468/3
f 1037/468/3 1056/468/3 1036/468/3
f 1038/468/3 1055/468/3 1035/468/3
f 1039/468/3 1060/468/3 1059/468/3
f 1041/468/3 1058/468/3 1038/468/3
f 1042/468/3 1063/468/3 1062/468/3
f 1045/468/3 1064/468/3 1044/468/3
f 1046/468/3 1063/468/3 1043/468/3
f 1042/468/3 1067/468/3 1047/468/3
f 1048/468/3 1060/468/3 1040/468/3
f 1036/468/3 1069/468/3 1049/468/3
f 1049/468/3 1053/468/3 1033/468/3
f 1032/468/3 1065/468/3 1045/468/3
f 1047/468/3 1070/468/3 1050/468/3
f 1046/468/3 1064/468/3 1066/468/3
f 1051/468/3 1068/468/3 1048/468/3
f 1039/468/3 1057/468/3 1037/468/3
f 1034/468/3 1071/468/3 1051/468/3
f 1050/468/3 1061/468/3 1041/468/3
f 1090/468/3 1079/468/3 1073/468/3
f 1048/468/391 1091/468/392 1051/468/392
f 1047/468/393 1082/468/394 1042/468/395
f 1036/468/396 1077/468/397 1037/468/397
f 1037/468/397 1079/468/398 1039/468/399
f 1048/468/391 1080/468/400 1088/468/391
f 1035/468/372 1078/468/401 1038/468/401
f 1034/468/370 1091/468/392 1074/468/370
f 1049/468/402 1076/468/396 1036/468/396
f 1039/468/399 1080/468/400 1040/468/400
f 1041/468/403 1090/468/404 1050/468/404
f 1049/468/402 1073/468/405 1089/468/402
f 1041/468/403 1078/468/401 1081/468/403
f 1045/468/406 1072/468/407 1032/468/408
f 1042/468/395 1083/468/409 1043/468/409
f 1050/468/404 1087/468/393 1047/468/393
f 1044/468/410 1085/468/406 1045/468/406
f 1032/468/408 1073/468/405 1033/468/405
f 1046/468/411 1084/468/410 1044/468/410
f 1043/468/409 1086/468/411 1046/468/411
f 148/40/21 147/43/123 180/41/22
f 179/42/23 178/44/7 149/43/6
f 178/44/7 177/41/26 150/45/24
f 151/43/25 150/45/24 177/41/26
f 240/47/28 185/48/147 79/48/29
f 262/51/32 39/51/32 64/50/31
f 64/50/31 162/64/412 278/64/412
f 278/64/412 263/50/31 64/50/31
f 72/52/33 68/469/142 174/53/34
f 173/49/35 172/105/4 75/52/8
f 75/52/8 172/105/4 171/53/36
f 170/49/30 79/48/29 76/52/37
f 225/54/38 228/55/124 139/55/39
f 136/55/41 135/55/125 168/56/42
f 167/57/43 166/54/2 137/58/1
f 137/58/1 166/54/2 165/54/44
f 139/55/39 138/59/45 165/54/44
f 195/60/46 198/108/162 115/61/47
f 124/63/49 123/114/127 162/64/50
f 161/65/51 160/111/10 125/66/9
f 125/66/9 160/111/10 159/64/52
f 127/67/54 126/63/53 159/64/52
f 207/69/56 210/68/65 158/68/55
f 274/55/59 135/55/59 144/70/58
f 144/70/58 99/79/413 268/79/413
f 268/79/413 275/70/58 144/70/58
f 112/71/60 111/108/133 156/72/61
f 155/73/62 154/75/18 113/74/15
f 154/75/18 153/72/64 114/71/63
f 115/61/47 114/71/63 153/72/64
f 210/68/65 213/114/134 127/67/54
f 100/78/68 99/79/137 144/70/69
f 143/70/70 142/80/72 101/79/71
f 142/80/72 141/70/75 102/78/73
f 103/81/74 102/78/73 141/70/75
f 201/83/77 204/132/169 51/84/78
f 88/86/80 87/117/139 132/87/81
f 131/88/82 130/115/20 89/89/83
f 89/89/83 130/115/20 129/87/84
f 128/91/86 91/106/104 90/90/85
f 183/92/87 189/41/146 176/46/27
f 44/94/89 39/51/145 120/95/90
f 119/96/91 118/95/14 45/97/13
f 118/95/14 117/98/93 46/94/92
f 51/84/78 46/94/92 117/98/93
f 115/61/47 198/108/162 201/83/77
f 179/42/23 180/41/22 84/99/94
f 83/99/95 82/99/19 178/44/7
f 82/99/19 81/100/96 177/41/26
f 176/46/27 177/41/26 81/100/96
f 222/101/97 225/54/38 164/54/40
f 173/49/35 174/53/34 108/103/99
f 107/104/100 106/104/5 172/105/4
f 106/104/5 105/104/101 171/53/36
f 170/49/30 171/53/36 105/104/101
f 216/87/103 219/113/126 91/106/104
f 95/101/108 167/57/43 168/56/42
f 95/101/108 94/101/11 166/54/2
f 166/54/2 94/101/11 93/101/110
f 164/54/40 165/54/44 93/101/110
f 60/110/117 161/65/51 162/64/50
f 60/110/117 58/110/12 160/111/10
f 58/110/12 57/110/119 159/64/52
f 52/69/57 158/68/55 159/64/52
f 231/112/120 234/154/200 103/81/74
f 168/56/122 135/55/59 274/55/59
f 274/55/59 279/56/122 168/56/122
f 279/56/122 267/102/121 168/56/122
f 267/102/121 266/117/414 96/102/121
f 266/117/414 87/117/414 96/102/121
f 148/40/21 155/73/62 156/72/61
f 148/40/21 149/43/6 154/75/18
f 149/43/6 150/45/24 153/72/64
f 151/43/25 152/62/48 153/72/64
f 228/55/124 231/112/120 140/82/76
f 136/55/41 143/70/70 144/70/69
f 143/70/70 136/55/41 137/58/1
f 137/58/1 138/59/45 141/70/75
f 139/55/39 140/82/76 141/70/75
f 219/113/126 222/101/97 92/102/98
f 124/63/49 131/88/82 132/87/81
f 131/88/82 124/63/49 125/66/9
f 125/66/9 126/63/53 129/87/84
f 126/63/53 127/67/54 128/91/86
f 265/99/129 84/99/129 180/41/128
f 180/41/128 147/43/415 276/43/415
f 276/43/415 281/41/128 180/41/128
f 103/81/74 234/154/200 237/104/130
f 120/95/132 39/51/32 262/51/32
f 262/51/32 271/95/132 120/95/132
f 271/95/132 270/108/131 120/95/132
f 270/108/131 277/72/416 156/72/416
f 277/72/416 276/43/415 156/72/416
f 276/43/415 147/43/415 156/72/416
f 270/108/131 156/72/416 111/108/131
f 112/71/60 119/96/91 120/95/90
f 112/71/60 113/74/15 118/95/14
f 113/74/15 114/71/63 117/98/93
f 115/61/47 116/85/79 117/98/93
f 213/114/134 216/87/103 128/91/86
f 132/87/136 87/117/414 266/117/414
f 266/117/414 273/87/136 132/87/136
f 273/87/136 272/114/135 132/87/136
f 272/114/135 278/64/412 123/114/135
f 278/64/412 162/64/412 123/114/135
f 99/79/137 100/78/68 107/104/100
f 100/78/68 101/79/71 106/104/5
f 101/79/71 102/78/73 105/104/101
f 103/81/74 104/103/102 105/104/101
f 192/116/138 195/60/46 152/62/48
f 88/86/80 95/101/108 96/102/109
f 95/101/108 88/86/80 89/89/83
f 89/89/83 90/90/85 93/101/110
f 91/106/104 92/102/98 93/101/110
f 79/118/29 185/118/147 183/92/87
f 280/53/140 261/53/140 260/104/141
f 72/118/33 83/99/95 84/99/94
f 72/118/33 75/118/8 82/99/19
f 75/118/8 76/118/37 81/100/96
f 79/118/29 80/93/88 81/100/96
f 237/104/130 240/47/28 170/49/30
f 44/94/89 60/110/117 64/50/118
f 44/94/89 45/97/13 58/110/12
f 58/110/12 45/97/13 46/94/92
f 51/84/78 52/69/57 57/110/119
f 189/41/146 192/116/138 151/43/25
f 185/118/147 187/470/209 184/92/148
f 187/119/149 882/162/210 883/120/150
f 183/92/87 184/92/148 190/44/152
f 190/122/153 184/121/151 883/120/150
f 189/41/146 190/44/152 193/43/155
f 193/124/156 190/122/153 884/123/154
f 192/116/138 193/43/155 196/60/158
f 193/124/156 885/125/157 886/126/159
f 195/60/46 196/60/158 199/108/161
f 196/127/160 886/126/159 887/128/163
f 198/108/162 199/108/161 202/95/165
f 202/130/166 199/129/164 887/128/163
f 201/83/77 202/95/165 205/51/168
f 202/130/166 888/131/167 889/133/170
f 204/132/169 205/51/168 208/69/172
f 205/134/171 889/133/170 890/135/173
f 207/69/56 208/69/172 211/68/175
f 208/136/174 890/135/173 891/137/176
f 213/114/134 210/68/65 211/68/175
f 214/139/179 211/138/177 891/137/176
f 213/114/134 214/114/178 217/87/181
f 214/139/179 892/140/180 893/141/182
f 216/87/103 217/87/181 220/107/184
f 220/143/185 217/142/183 893/141/182
f 222/101/97 219/113/126 220/107/184
f 220/143/185 894/144/186 895/145/188
f 222/101/97 223/101/187 226/54/190
f 223/146/189 895/145/188 896/147/191
f 225/54/38 226/54/190 229/55/193
f 226/148/192 896/147/191 897/149/194
f 228/55/124 229/55/193 232/70/196
f 232/151/197 229/150/195 897/149/194
f 231/112/120 232/70/196 235/153/199
f 235/155/201 232/151/197 898/152/198
f 234/154/200 235/153/199 238/104/203
f 235/155/201 899/156/202 900/157/204
f 237/104/130 238/104/203 241/49/206
f 238/158/205 900/157/204 901/159/207
f 240/47/28 241/49/206 187/161/209
f 187/119/149 241/160/208 901/159/207
f 209/163/10 991/163/10 992/164/9
f 262/51/211 263/50/225 250/69/212
f 275/70/214 268/79/215 259/154/215
f 273/87/216 253/87/216 252/114/217
f 270/108/218 247/108/218 246/60/219
f 271/95/220 248/95/220 247/108/218
f 276/43/221 245/43/221 244/44/222
f 274/55/224 275/70/214 258/70/214
f 263/50/225 278/64/226 251/68/226
f 267/102/227 279/56/228 256/54/228
f 279/56/228 274/55/224 257/165/224
f 271/95/220 262/51/211 249/109/213
f 273/87/216 266/117/233 254/107/230
f 265/99/231 242/92/231 243/118/232
f 280/53/140 264/469/232 243/48/232
f 204/132/169 207/69/56 52/69/57
f 281/41/223 244/44/222 242/92/231
f 259/154/215 268/79/215 269/103/141
f 278/64/226 272/114/217 252/114/217
f 266/117/233 267/102/227 255/101/229
f 68/118/259 84/99/129 265/99/129
f 265/99/129 264/469/259 68/118/259
f 264/469/259 280/53/258 68/118/259
f 280/53/258 269/103/418 108/103/418
f 269/103/418 268/79/413 108/103/418
f 268/79/413 99/79/413 108/103/418
f 280/53/258 108/103/418 174/53/258
f 206/327/12 990/327/12 991/163/10
f 203/329/13 989/329/13 990/327/12
f 200/333/14 988/333/14 989/329/13
f 197/336/15 987/336/15 988/333/14
f 194/339/18 986/339/18 987/336/15
f 191/342/6 985/342/6 986/339/18
f 188/345/7 984/345/7 985/342/6
f 197/336/273 200/333/273 888/131/167
f 888/131/167 887/128/163 197/336/273
f 887/128/163 886/126/159 197/336/273
f 886/126/159 885/125/157 191/342/273
f 885/125/157 884/123/154 191/342/273
f 884/123/154 883/120/150 182/364/273
f 883/120/150 882/162/210 182/364/273
f 882/162/210 901/159/207 239/388/273
f 901/159/207 900/157/204 239/388/273
f 900/157/204 899/156/202 233/384/273
f 899/156/202 898/152/198 233/384/273
f 898/152/198 230/382/273 233/384/273
f 194/339/273 197/336/273 886/126/159
f 900/157/204 233/384/273 236/386/273
f 900/157/204 236/386/273 239/388/273
f 191/342/273 194/339/273 886/126/159
f 882/162/210 239/388/273 186/390/273
f 188/345/273 191/342/273 884/123/154
f 882/162/210 186/390/273 182/364/273
f 227/380/273 230/382/273 898/152/198
f 898/152/198 897/149/194 227/380/273
f 897/149/194 896/147/191 227/380/273
f 896/147/191 895/145/188 221/376/273
f 895/145/188 894/144/186 221/376/273
f 894/144/186 893/141/182 215/366/273
f 893/141/182 892/140/180 215/366/273
f 892/140/180 891/137/176 209/163/273
f 891/137/176 890/135/173 209/163/273
f 890/135/173 889/133/170 203/329/273
f 889/133/170 888/131/167 203/329/273
f 888/131/167 200/333/273 203/329/273
f 224/378/273 227/380/273 896/147/191
f 890/135/173 203/329/273 206/327/273
f 890/135/173 206/327/273 209/163/273
f 221/376/273 224/378/273 896/147/191
f 892/140/180 209/163/273 212/164/273
f 218/367/273 221/376/273 894/144/186
f 892/140/180 212/164/273 215/366/273
f 1005/370/273 1008/485/273 995/376/273
f 1008/485/273 996/378/273 995/376/273
f 995/376/273 994/367/273 1005/370/273
f 994/367/273 993/366/273 1005/370/273
f 993/366/273 992/164/273 1007/369/273
f 992/164/273 991/163/273 1007/369/273
f 991/163/273 990/327/273 1006/486/273
f 1007/369/273 991/163/273 1006/486/273
f 990/327/273 989/329/273 1006/486/273
f 989/329/273 988/333/273 1010/487/273
f 1006/486/273 989/329/273 1010/487/273
f 1010/487/273 988/333/273 987/336/273
f 987/336/273 986/339/273 1011/488/273
f 986/339/273 985/342/273 1011/488/273
f 985/342/273 984/345/273 1009/372/273
f 984/345/273 983/364/273 1009/372/273
f 983/364/273 982/390/273 1004/371/273
f 982/390/273 1001/388/273 1004/371/273
f 1001/388/273 1000/386/273 1003/489/273
f 1000/386/273 999/384/273 1003/489/273
f 999/384/273 998/382/273 1002/490/273
f 998/382/273 997/380/273 1002/490/273
f 997/380/273 996/378/273 1008/485/273
f 997/380/273 1008/485/273 1002/490/273
f 1010/487/273 987/336/273 1011/488/273
f 999/384/273 1002/490/273 1003/489/273
f 1009/372/273 1011/488/273 985/342/273
f 1001/388/273 1003/489/273 1004/371/273
f 212/164/9 992/164/9 993/366/20
f 215/366/20 993/366/20 994/367/83
f 218/367/83 994/367/83 995/376/11
f 221/376/11 995/376/11 996/378/2
f 224/378/2 996/378/2 997/380/1
f 227/380/1 997/380/1 998/382/72
f 230/382/72 998/382/72 999/384/71
f 233/384/71 999/384/71 1000/386/5
f 236/386/5 1000/386/5 1001/388/4
f 239/388/4 1001/388/4 982/390/8
f 186/390/8 982/390/8 983/364/19
f 182/364/19 983/364/19 984/345/7
f 8/403/318 6/411/326 73/404/319
f 9/406/321 8/403/318 74/405/320
f 11/408/323 9/406/321 77/407/322
f 1004/410/325 73/404/319 6/411/326
f 8/403/318 16/421/333 15/414/328
f 19/416/330 18/415/329 9/406/321
f 15/414/328 1011/424/336 1009/412/327
f 32/425/337 1006/491/344 1010/426/338
f 36/428/339 35/430/341 26/422/334
f 43/431/342 42/436/346 35/430/341
f 40/432/343 1007/439/349 1006/433/344
f 41/435/345 40/432/343 32/425/337
f 42/436/346 41/435/345 33/429/340
f 49/437/347 48/442/351 41/435/345
f 43/431/342 50/441/350 49/437/347
f 47/438/348 1005/444/353 1007/439/349
f 48/442/351 47/438/348 40/432/343
f 55/443/352 54/449/357 48/442/351
f 50/441/350 56/448/356 55/443/352
f 1005/444/353 47/438/348 53/445/354
f 54/449/357 53/445/354 47/438/348
f 54/450/357 61/454/359 59/451/358
f 55/453/352 62/456/360 61/454/359
f 56/455/356 63/460/362 62/456/360
f 1008/457/355 53/452/354 59/451/358
f 69/463/364 67/466/367 59/451/358
f 70/464/365 69/463/364 61/454/359
f 71/462/363 70/464/365 62/456/360
f 59/451/358 67/466/367 1003/465/366
f 71/462/363 78/409/324 77/407/322
f 67/466/367 73/404/319 1004/410/325
f 74/405/320 73/404/319 67/466/367
f 77/407/322 74/405/320 69/463/364
f 20/114/435 17/68/436 251/68/437
f 251/68/437 252/114/3 253/87/105
f 253/87/105 254/107/3 255/101/106
f 255/101/106 256/54/438 27/54/439
f 255/101/106 27/54/439 25/101/440
f 20/114/435 251/68/437 253/87/105
f 21/87/441 20/114/435 253/87/105
f 255/101/106 25/101/440 22/107/107
f 22/107/107 21/87/441 253/87/105
f 29/165/442 27/54/439 256/54/438
f 256/54/438 257/165/3 258/70/443
f 258/70/443 259/154/3 260/104/111
f 260/104/111 261/53/3 243/118/444
f 243/118/444 242/92/3 244/44/445
f 244/44/445 245/43/446 5/43/447
f 244/44/445 5/43/447 4/44/448
f 29/165/442 256/54/438 258/70/443
f 30/70/449 29/165/442 258/70/443
f 244/44/445 4/44/448 3/92/450
f 243/118/444 244/44/445 3/92/450
f 31/154/451 30/70/449 258/70/443
f 31/154/451 258/70/443 260/104/111
f 243/118/444 3/92/450 1/48/452
f 243/118/444 1/48/452 37/53/112
f 34/104/113 31/154/451 260/104/111
f 260/104/111 243/118/444 37/53/112
f 7/60/453 5/43/447 245/43/446
f 245/43/446 246/60/3 247/108/115
f 247/108/115 248/95/3 249/109/116
f 249/109/116 250/69/3 251/68/437
f 251/68/437 17/68/436 14/69/454
f 249/109/116 251/68/437 14/69/454
f 7/60/453 245/43/446 247/108/115
f 10/108/455 7/60/453 247/108/115
f 249/109/116 14/69/454 13/109/456
f 12/95/114 10/108/455 247/108/115
f 249/109/116 13/109/456 12/95/114
f 276/43/221 277/72/219 246/60/219
f 18/415/329 16/421/333 8/403/318
f 24/420/332 23/423/335 15/414/328
f 26/422/334 24/420/332 16/421/333
f 28/419/331 26/422/334 18/415/329
f 23/423/335 1010/426/338 1011/424/336
f 33/429/340 32/425/337 23/423/335
f 35/430/341 33/429/340 24/420/332
f 1012/19/368 1064/19/368 1065/28/369
f 7/468/273 5/468/273 4/468/273
f 4/468/273 3/468/273 1/468/273
f 1/468/273 37/468/273 34/468/273
f 34/468/273 31/468/273 30/468/273
f 30/468/273 29/468/273 27/468/273
f 27/468/273 25/468/273 22/468/273
f 22/468/273 21/468/273 20/468/273
f 20/468/273 17/468/273 14/468/273
f 14/468/273 13/468/273 12/468/273
f 12/468/273 10/468/273 7/468/273
f 7/468/273 4/468/273 1/468/273
f 1/468/273 34/468/273 30/468/273
f 30/468/273 27/468/273 22/468/273
f 22/468/273 20/468/273 14/468/273
f 14/468/273 12/468/273 7/468/273
f 7/468/273 1/468/273 30/468/273
f 30/468/273 22/468/273 14/468/273
f 1034/468/370 1074/468/370 1075/468/371
f 1022/27/373 1052/27/373 1053/31/374
f 1023/20/375 1066/20/375 1064/19/368
f 1029/216/376 1063/216/376 1066/20/375
f 1021/11/377 1054/11/377 1055/365/378
f 1028/12/379 1014/17/380 1068/17/380
f 1020/25/381 1067/25/381 1062/215/382
f 1015/35/383 1056/35/383 1057/15/384
f 1030/15/384 1057/15/384 1059/14/385
f 1018/38/386 1060/38/386 1068/37/380
f 1031/365/378 1055/365/378 1058/305/387
f 1028/12/379 1071/12/379 1054/11/377
f 1015/35/383 1027/30/388 1069/30/388
f 1026/14/385 1059/14/385 1060/38/386
f 1013/2/389 1019/3/390 1061/3/390
f 1027/30/388 1016/31/374 1053/31/374
f 1019/3/390 1024/305/387 1058/305/387
f 1025/28/369 1065/28/369 1052/27/373
f 1017/215/382 1062/215/382 1063/216/376
f 1013/2/389 1070/2/389 1067/25/381
f 1033/468/3 1053/468/3 1052/468/3
f 1035/468/3 1055/468/3 1054/468/3
f 1037/468/3 1057/468/3 1056/468/3
f 1038/468/3 1058/468/3 1055/468/3
f 1039/468/3 1040/468/3 1060/468/3
f 1041/468/3 1061/468/3 1058/468/3
f 1042/468/3 1043/468/3 1063/468/3
f 1045/468/3 1065/468/3 1064/468/3
f 1046/468/3 1066/468/3 1063/468/3
f 1042/468/3 1062/468/3 1067/468/3
f 1048/468/3 1068/468/3 1060/468/3
f 1036/468/3 1056/468/3 1069/468/3
f 1049/468/3 1069/468/3 1053/468/3
f 1032/468/3 1052/468/3 1065/468/3
f 1047/468/3 1067/468/3 1070/468/3
f 1046/468/3 1044/468/3 1064/468/3
f 1051/468/3 1071/468/3 1068/468/3
f 1039/468/3 1059/468/3 1057/468/3
f 1034/468/3 1054/468/3 1071/468/3
f 1050/468/3 1070/468/3 1061/468/3
f 1073/468/3 1072/468/3 1085/468/3
f 1085/468/3 1084/468/3 1086/468/3
f 1086/468/3 1083/468/3 1082/468/3
f 1082/468/3 1087/468/3 1090/468/3
f 1090/468/3 1081/468/3 1078/468/3
f 1078/468/3 1075/468/3 1074/468/3
f 1074/468/3 1091/468/3 1088/468/3
f 1088/468/3 1080/468/3 1079/468/3
f 1079/468/3 1077/468/3 1076/468/3
f 1076/468/3 1089/468/3 1073/468/3
f 1073/468/3 1085/468/3 1086/468/3
f 1086/468/3 1082/468/3 1090/468/3
f 1090/468/3 1078/468/3 1074/468/3
f 1074/468/3 1088/468/3 1079/468/3
f 1079/468/3 1076/468/3 1073/468/3
f 1073/468/3 1086/468/3 1090/468/3
f 1090/468/3 1074/468/3 1079/468/3
f 1048/468/391 1088/468/391 1091/468/392
f 1047/468/393 1087/468/393 1082/468/394
f 1036/468/396 1076/468/396 1077/468/397
f 1037/468/397 1077/468/397 1079/468/398
f 1048/468/391 1040/468/400 1080/468/400
f 1035/468/372 1075/468/371 1078/468/401
f 1034/468/370 1051/468/392 1091/468/392
f 1049/468/402 1089/468/402 1076/468/396
f 1039/468/399 1079/468/398 1080/468/400
f 1041/468/403 1081/468/403 1090/468/404
f 1049/468/402 1033/468/405 1073/468/405
f 1041/468/403 1038/468/401 1078/468/401
f 1045/468/406 1085/468/406 1072/468/407
f 1042/468/395 1082/468/394 1083/468/409
f 1050/468/404 1090/468/404 1087/468/393
f 1044/468/410 1084/468/410 1085/468/406
f 1032/468/408 1072/468/407 1073/468/405
f 1046/468/411 1086/468/411 1084/468/410
f 1043/468/409 1083/468/409 1086/468/411
usemtl body.001
f 303/1/1 1013/2/2 1019/3/1
f 375/4/3 396/5/3 394/6/3
f 918/7/3 857/8/3 858/9/3
f 315/10/4 1021/11/5 1028/12/4
f 304/13/6 1026/14/7 1030/15/6
f 321/16/8 1028/12/4 1014/17/8
f 302/18/9 1012/19/10 1023/20/9
f 811/21/3 551/22/3 552/23/3
f 314/24/2 1020/25/11 1013/2/2
f 305/26/12 1022/27/13 1025/28/12
f 309/29/14 1027/30/15 1016/31/14
f 654/32/16 774/32/16 756/33/17
f 320/34/15 1015/35/18 1027/30/15
f 308/36/19 1014/37/8 1018/38/19
f 322/39/20 352/18/9 334/18/9
f 570/76/66 690/76/66 685/77/67
f 300/34/143 341/29/144 332/34/143
f 38/166/4 384/167/5 65/167/5
f 323/168/72 347/169/1 335/1/1
f 324/170/18 359/171/6 336/13/6
f 325/172/10 354/26/12 337/26/12
f 326/173/2 349/174/11 338/174/11
f 327/175/4 344/176/5 339/176/5
f 328/177/7 361/178/19 340/179/19
f 329/180/13 356/29/14 341/29/14
f 330/181/83 351/182/20 322/39/20
f 331/183/71 346/168/72 323/168/72
f 332/34/15 358/170/18 324/170/18
f 334/18/9 353/184/10 325/172/10
f 335/1/1 348/173/2 326/173/2
f 333/16/8 342/185/4 327/175/4
f 336/13/6 360/177/7 328/177/7
f 337/26/12 355/180/13 329/180/13
f 340/179/19 343/186/8 333/186/8
f 338/174/11 350/181/83 330/181/83
f 339/176/5 345/187/71 331/183/71
f 341/29/14 357/188/15 332/34/15
f 309/29/234 300/34/235 320/34/235
f 307/176/236 299/183/237 319/183/237
f 306/174/238 298/181/239 318/181/239
f 321/186/240 295/179/241 301/186/240
f 305/26/242 296/180/243 317/189/243
f 304/13/244 294/177/245 316/177/245
f 315/10/246 301/16/240 292/175/246
f 314/24/247 285/1/248 290/173/247
f 302/18/249 288/172/250 313/172/250
f 312/190/251 300/34/235 286/170/251
f 311/168/252 299/183/237 284/168/252
f 318/181/239 282/39/253 310/191/253
f 309/29/234 296/180/243 297/29/234
f 308/36/241 294/177/245 295/179/241
f 315/10/246 293/176/236 307/176/236
f 314/24/247 291/174/238 306/174/238
f 313/172/250 289/26/242 305/26/242
f 312/190/251 287/13/244 304/13/244
f 311/168/252 285/1/248 303/1/248
f 310/191/253 283/18/249 302/18/249
f 301/186/254 340/179/255 333/16/254
f 291/174/256 326/173/257 338/174/256
f 285/1/260 335/1/260 290/173/257
f 293/176/261 327/175/262 339/176/261
f 289/26/263 325/172/264 337/26/263
f 283/18/265 322/39/266 334/18/265
f 287/13/267 336/13/267 294/177/268
f 299/183/269 323/168/270 284/168/270
f 298/181/271 322/39/266 282/39/266
f 296/180/272 341/29/144 297/29/144
f 294/177/268 340/179/255 295/179/255
f 959/192/3 955/193/3 956/194/3
f 376/195/72 437/196/1 377/196/1
f 157/197/18 399/198/6 163/198/6
f 110/199/20 392/200/9 121/200/9
f 65/167/5 385/201/71 66/201/71
f 163/198/6 400/202/7 169/202/7
f 121/200/9 393/203/10 122/203/10
f 66/201/71 386/204/72 85/204/72
f 169/202/7 401/205/19 175/205/19
f 122/203/10 394/6/12 133/6/12
f 85/204/72 387/206/1 86/206/1
f 175/205/19 383/207/8 181/207/8
f 133/6/12 395/208/13 134/208/13
f 86/206/1 388/209/2 97/209/2
f 134/208/13 396/5/14 145/5/14
f 97/209/2 389/210/11 98/210/11
f 145/5/14 397/211/15 146/211/15
f 98/210/11 390/212/83 109/212/83
f 181/207/8 382/166/4 38/166/4
f 146/211/15 398/197/18 157/197/18
f 109/212/83 391/199/20 110/199/20
f 628/213/3 766/214/3 748/213/3
f 306/174/11 1017/215/83 1020/25/11
f 310/191/20 1023/20/9 1029/216/20
f 610/217/273 730/217/273 741/218/273
f 411/219/20 470/220/83 471/219/20
f 369/221/6 430/222/7 370/222/7
f 363/223/9 422/224/10 362/224/10
f 377/196/1 438/225/2 378/225/2
f 370/222/7 431/226/19 371/226/19
f 362/224/10 424/227/12 364/227/12
f 378/225/2 439/228/11 379/228/11
f 372/229/8 431/226/19 432/229/8
f 364/227/12 425/230/13 365/230/13
f 379/228/11 440/231/83 380/231/83
f 372/229/8 433/232/4 373/232/4
f 365/230/13 426/233/14 366/233/14
f 380/231/83 441/234/20 381/234/20
f 373/232/4 434/235/5 374/235/5
f 366/233/14 427/236/15 367/236/15
f 381/234/20 423/223/9 363/223/9
f 374/235/5 435/4/71 375/4/71
f 367/236/15 428/237/18 368/237/18
f 375/4/71 436/195/72 376/195/72
f 368/237/18 429/221/6 369/221/6
f 419/238/3 438/225/3 418/239/3
f 313/172/10 1025/28/12 1012/19/10
f 428/237/3 408/240/3 409/241/3
f 450/242/7 491/21/19 451/21/19
f 402/243/4 464/244/5 404/244/5
f 418/239/18 479/238/6 419/238/6
f 411/219/20 472/245/9 412/245/9
f 404/244/5 465/246/71 405/246/71
f 419/238/6 480/247/7 420/247/7
f 412/245/9 473/248/10 413/248/10
f 405/246/71 466/249/72 406/249/72
f 420/247/7 481/250/19 421/250/19
f 414/251/12 473/248/10 474/251/12
f 406/249/72 467/252/1 407/252/1
f 421/250/19 463/253/8 403/253/8
f 414/251/12 475/254/13 415/254/13
f 407/252/1 468/240/2 408/240/2
f 415/254/13 476/255/14 416/255/14
f 408/240/2 469/241/11 409/241/11
f 416/255/14 477/256/15 417/256/15
f 409/241/11 470/220/83 410/220/83
f 403/253/8 462/243/4 402/243/4
f 417/256/15 478/239/18 418/239/18
f 442/218/3 463/253/3 443/257/3
f 452/258/3 453/259/3 472/245/3
f 487/260/1 508/261/274 488/261/2
f 442/218/10 484/33/12 444/33/12
f 458/262/2 499/263/11 459/263/11
f 451/21/19 492/258/8 452/258/8
f 444/33/12 485/264/13 445/264/13
f 459/263/11 500/265/83 460/265/83
f 452/258/8 493/259/4 453/259/4
f 445/264/13 486/266/14 446/266/14
f 460/265/83 501/267/20 461/267/20
f 454/268/5 493/259/4 494/268/5
f 446/266/14 487/260/15 447/260/15
f 461/267/20 483/257/9 443/257/9
f 454/268/5 495/269/71 455/269/71
f 447/260/15 488/261/18 448/261/18
f 455/269/71 496/270/72 456/270/72
f 448/261/18 489/271/6 449/271/6
f 456/270/72 497/272/1 457/272/1
f 449/271/6 490/242/7 450/242/7
f 443/257/9 482/218/10 442/218/10
f 457/272/1 498/262/2 458/262/2
f 502/218/275 523/257/276 522/218/277
f 495/269/13 516/270/278 496/270/14
f 488/261/2 509/271/279 489/271/11
f 496/270/14 517/272/280 497/272/15
f 489/271/11 510/242/281 490/242/83
f 483/257/8 502/218/275 482/218/4
f 497/272/15 518/262/282 498/262/18
f 490/242/83 511/21/283 491/21/20
f 484/33/5 502/218/275 504/33/284
f 499/263/6 518/262/282 519/263/285
f 491/21/20 512/258/286 492/258/9
f 484/33/5 505/264/287 485/264/71
f 499/263/6 520/265/288 500/265/7
f 492/258/9 513/259/289 493/259/10
f 485/264/71 506/266/290 486/266/72
f 500/265/7 521/267/291 501/267/19
f 494/268/12 513/259/289 514/268/292
f 486/266/72 507/260/293 487/260/1
f 501/267/19 503/257/294 483/257/8
f 494/268/12 515/269/295 495/269/13
f 567/273/12 815/269/13 568/76/13
f 517/272/280 538/262/296 518/262/282
f 510/242/281 531/21/297 511/21/283
f 502/218/275 524/33/298 504/33/284
f 518/262/282 539/263/299 519/263/285
f 511/21/283 532/258/300 512/258/286
f 504/33/284 525/264/301 505/264/287
f 520/265/288 539/263/299 540/265/302
f 512/258/286 533/259/303 513/259/289
f 506/266/290 525/264/301 526/266/304
f 521/267/291 540/265/302 541/267/305
f 513/259/289 534/268/306 514/268/292
f 507/260/293 526/266/304 527/260/307
f 503/257/294 541/267/305 523/257/276
f 514/268/292 535/269/308 515/269/295
f 508/261/274 527/260/307 528/261/309
f 515/269/295 536/270/310 516/270/278
f 509/271/279 528/261/309 529/271/311
f 516/270/278 537/272/312 517/272/280
f 509/271/279 530/242/313 510/242/281
f 544/274/5 905/275/71 545/275/71
f 579/276/1 808/261/2 580/277/2
f 568/76/13 816/270/14 586/278/14
f 580/277/2 809/271/11 592/271/11
f 586/278/14 817/272/15 598/272/15
f 592/271/11 810/242/83 604/242/83
f 615/279/8 802/218/4 616/280/4
f 598/272/15 818/262/18 622/262/18
f 604/242/83 811/21/20 628/213/20
f 616/280/4 804/33/5 634/33/5
f 622/262/18 819/263/6 640/263/6
f 628/213/20 812/258/9 646/214/9
f 634/33/5 805/264/71 652/264/71
f 640/263/6 820/265/7 658/265/7
f 646/214/9 813/259/10 664/281/10
f 652/264/71 806/266/72 670/266/72
f 658/265/7 821/267/19 676/282/19
f 567/273/12 813/259/10 814/268/12
f 579/276/1 806/266/72 807/260/1
f 615/279/8 821/267/19 803/257/8
f 523/257/276 681/283/19 610/217/8
f 611/217/8 679/284/19 612/279/8
f 613/217/8 677/283/19 614/279/8
f 527/260/307 675/266/72 574/260/1
f 749/21/273 767/285/273 629/21/273
f 575/276/1 673/266/72 576/286/1
f 577/276/1 671/266/72 578/260/1
f 534/268/306 669/259/10 562/268/12
f 563/77/12 667/287/10 564/268/12
f 565/77/12 665/288/10 566/273/12
f 541/267/305 663/265/7 681/283/19
f 662/265/7 679/284/19 680/289/19
f 660/290/7 677/283/19 678/291/19
f 525/264/301 675/266/72 526/266/304
f 656/264/71 673/266/72 674/266/72
f 654/32/71 671/266/72 672/266/72
f 532/258/300 669/259/10 533/259/303
f 650/214/9 667/287/10 668/292/10
f 648/214/9 665/288/10 666/287/10
f 539/263/299 663/265/7 540/265/302
f 644/293/6 661/290/7 662/265/7
f 614/279/273 797/283/273 734/279/273
f 642/263/6 659/265/7 660/290/7
f 524/33/298 657/264/71 525/264/301
f 602/294/3 746/262/3 722/294/3
f 638/33/5 655/295/71 656/264/71
f 636/33/5 653/264/71 654/32/71
f 531/21/297 651/214/9 532/258/300
f 632/296/20 649/285/9 650/214/9
f 630/297/20 647/285/9 648/214/9
f 538/262/296 645/293/6 539/263/299
f 595/298/314 715/298/314 727/242/315
f 626/262/18 643/263/6 644/293/6
f 624/262/18 641/263/6 642/263/6
f 522/218/277 639/299/5 524/33/298
f 620/300/4 637/33/5 638/33/5
f 618/300/4 635/33/5 636/33/5
f 530/242/313 633/297/20 531/21/297
f 608/242/83 631/21/20 632/296/20
f 606/242/83 629/21/20 630/297/20
f 537/272/312 627/262/18 538/262/296
f 602/294/15 625/262/18 626/262/18
f 600/294/15 623/262/18 624/262/18
f 908/301/3 848/193/3 849/302/3
f 523/257/276 621/218/4 522/218/277
f 611/217/8 619/300/4 620/300/4
f 613/217/8 617/300/4 618/300/4
f 529/271/311 609/303/83 530/242/313
f 318/181/83 1029/216/20 1017/215/83
f 596/298/11 607/242/83 608/242/83
f 594/298/11 605/242/83 606/242/83
f 536/270/310 603/294/15 537/272/312
f 590/304/14 601/294/15 602/294/15
f 588/278/14 599/294/15 600/294/15
f 528/261/309 597/298/11 529/271/311
f 311/168/72 1019/3/1 1024/305/72
f 584/306/2 595/298/11 596/298/11
f 582/277/2 593/298/11 594/298/11
f 535/269/308 591/270/14 536/270/310
f 572/269/13 589/278/14 590/304/14
f 570/76/13 587/278/14 588/278/14
f 527/260/307 585/307/2 528/261/309
f 351/308/3 98/210/3 109/212/3
f 575/276/1 583/277/2 584/306/2
f 577/276/1 581/277/2 582/277/2
f 534/268/306 573/309/13 535/269/308
f 563/77/12 571/310/13 572/269/13
f 565/77/12 569/310/13 570/76/13
f 730/217/8 800/289/19 731/217/8
f 732/279/8 798/291/19 733/217/8
f 734/279/8 796/282/19 735/279/8
f 694/260/1 794/266/72 695/276/1
f 696/286/1 792/266/72 697/276/1
f 698/260/1 790/266/72 699/276/1
f 682/268/12 788/292/10 683/77/12
f 787/287/10 685/77/12 684/268/12
f 686/273/12 784/281/10 687/273/12
f 783/265/7 800/289/19 801/283/19
f 781/290/7 798/291/19 799/284/19
f 779/265/7 796/282/19 797/283/19
f 795/266/72 776/264/71 794/266/72
f 775/295/71 792/266/72 793/266/72
f 791/266/72 772/264/71 790/266/72
f 771/214/9 788/292/10 789/259/10
f 769/285/9 786/287/10 787/287/10
f 767/285/9 784/281/10 785/288/10
f 765/293/6 782/265/7 783/265/7
f 763/263/6 780/290/7 781/290/7
f 761/263/6 778/265/7 779/265/7
f 777/264/71 758/33/5 776/264/71
f 757/33/5 774/32/71 775/295/71
f 755/33/5 772/264/71 773/264/71
f 753/297/20 770/214/9 771/214/9
f 751/21/20 768/214/9 769/285/9
f 749/21/20 766/214/9 767/285/9
f 747/262/18 764/293/6 765/293/6
f 745/262/18 762/263/6 763/263/6
f 743/262/18 760/263/6 761/263/6
f 759/299/5 740/300/4 758/33/5
f 739/300/4 756/33/5 757/33/5
f 737/300/4 754/33/5 755/33/5
f 729/303/83 752/296/20 753/297/20
f 727/242/83 750/297/20 751/21/20
f 725/242/83 748/213/20 749/21/20
f 723/294/15 746/262/18 747/262/18
f 721/294/15 744/262/18 745/262/18
f 719/294/15 742/262/18 743/262/18
f 730/217/8 740/300/4 741/218/4
f 739/300/4 733/217/8 738/300/4
f 734/279/8 736/280/4 737/300/4
f 717/298/11 728/242/83 729/303/83
f 715/298/11 726/242/83 727/242/83
f 713/298/11 724/242/83 725/242/83
f 711/270/14 722/294/15 723/294/15
f 709/278/14 720/294/15 721/294/15
f 707/278/14 718/272/15 719/294/15
f 705/307/2 716/298/11 717/298/11
f 703/277/2 714/298/11 715/298/11
f 701/277/2 712/271/11 713/298/11
f 693/309/13 710/304/14 711/270/14
f 691/310/13 708/278/14 709/278/14
f 689/310/13 706/278/14 707/278/14
f 694/260/1 704/306/2 705/307/2
f 696/286/1 702/277/2 703/277/2
f 698/260/1 700/277/2 701/277/2
f 682/268/12 692/269/13 693/309/13
f 684/268/12 690/76/13 691/310/13
f 686/273/12 688/76/13 689/310/13
f 643/263/316 763/263/316 781/290/317
f 651/214/273 789/259/273 669/259/273
f 676/282/3 735/279/3 796/282/3
f 386/204/3 384/167/3 365/230/3
f 316/177/7 1018/38/19 1026/14/7
f 543/311/3 821/267/3 561/312/3
f 934/313/5 875/314/71 935/314/71
f 559/315/6 920/316/7 560/316/7
f 553/317/10 912/23/9 913/317/10
f 545/275/71 906/318/72 546/318/72
f 560/316/7 921/312/19 561/312/19
f 553/317/10 914/319/12 554/319/12
f 546/318/72 907/320/1 547/320/1
f 543/311/8 921/312/19 903/311/8
f 554/319/12 915/321/13 555/321/13
f 547/320/1 908/301/2 548/301/2
f 555/321/13 916/322/14 556/322/14
f 548/301/2 909/323/11 549/323/11
f 556/322/14 917/324/15 557/324/15
f 549/323/11 910/325/83 550/325/83
f 543/311/8 902/326/4 542/326/4
f 557/324/15 918/7/18 558/7/18
f 550/325/83 911/22/20 551/22/20
f 542/326/4 904/274/5 544/274/5
f 558/7/18 919/315/6 559/315/6
f 551/22/20 912/23/9 552/23/9
f 857/8/1 975/9/2 858/9/2
f 856/328/72 973/8/1 857/8/1
f 855/330/71 971/328/72 856/328/72
f 823/331/8 980/332/19 841/332/19
f 854/334/5 969/330/71 855/330/71
f 841/332/19 978/335/7 840/335/7
f 853/337/4 967/334/5 854/334/5
f 840/335/7 976/338/6 839/338/6
f 853/337/4 963/340/8 965/337/4
f 839/338/6 974/341/18 838/341/18
f 851/343/19 963/340/8 852/340/8
f 838/341/18 972/344/15 837/344/15
f 850/192/7 961/343/19 851/343/19
f 872/346/3 864/347/3 880/348/3
f 927/349/15 868/350/18 928/350/18
f 935/314/71 876/351/72 936/351/72
f 928/350/18 869/352/6 929/352/6
f 937/353/1 876/351/72 877/353/1
f 930/354/7 869/352/6 870/354/7
f 923/355/9 862/356/10 922/356/10
f 937/353/1 878/357/2 938/357/2
f 931/358/19 870/354/7 871/358/19
f 922/356/10 864/347/12 924/347/12
f 938/357/2 879/359/11 939/359/11
f 932/346/8 871/358/19 872/346/8
f 924/347/12 865/360/13 925/360/13
f 939/359/11 880/348/83 940/348/83
f 933/361/4 872/346/8 873/361/4
f 925/360/13 866/362/14 926/362/14
f 940/348/83 881/363/20 941/363/20
f 934/313/5 873/361/4 874/313/5
f 926/362/14 867/349/15 927/349/15
f 941/363/20 863/355/9 923/355/9
f 319/183/71 1024/305/72 1031/365/71
f 312/190/18 1030/15/6 1015/35/18
f 307/176/5 1031/365/71 1021/11/5
f 361/368/3 169/202/3 175/205/3
f 704/306/3 695/276/3 575/276/3
f 317/189/13 1016/31/14 1022/27/13
f 838/341/3 937/353/3 938/357/3
f 927/349/3 928/350/3 829/194/3
f 858/9/2 977/373/11 859/373/11
f 859/373/11 979/374/83 860/374/83
f 860/374/83 981/375/20 861/375/20
f 861/375/20 942/377/9 843/377/9
f 822/379/4 943/331/8 823/331/8
f 824/381/5 944/379/4 822/379/4
f 825/383/71 946/381/5 824/381/5
f 826/385/72 948/383/71 825/383/71
f 827/387/1 950/385/72 826/385/72
f 828/389/2 952/387/1 827/387/1
f 829/194/11 954/389/2 828/389/2
f 843/377/9 945/391/10 842/391/10
f 830/392/83 956/194/11 829/194/11
f 842/391/10 947/393/12 844/393/12
f 831/394/20 958/392/83 830/392/83
f 844/393/12 949/395/13 845/395/13
f 832/396/9 960/394/20 831/394/20
f 845/395/13 951/397/14 846/397/14
f 833/398/10 962/396/9 832/396/9
f 846/397/14 953/399/15 847/399/15
f 834/400/12 964/398/10 833/398/10
f 847/399/15 955/193/18 848/193/18
f 835/401/13 966/400/12 834/400/12
f 848/193/18 957/302/6 849/302/6
f 836/402/14 968/401/13 835/401/13
f 849/302/6 959/192/7 850/192/7
f 837/344/15 970/402/14 836/402/14
f 976/338/3 979/374/3 975/9/3
f 315/10/4 307/176/5 1021/11/5
f 304/13/6 316/177/7 1026/14/7
f 321/16/8 315/10/4 1028/12/4
f 302/18/9 313/172/10 1012/19/10
f 314/24/2 306/174/11 1020/25/11
f 305/26/12 317/189/13 1022/27/13
f 309/29/14 320/34/15 1027/30/15
f 320/34/15 312/190/18 1015/35/18
f 308/36/19 321/186/8 1014/37/8
f 322/39/20 351/182/20 352/18/9
f 324/170/417 286/170/417 300/34/143
f 300/34/143 297/29/144 341/29/144
f 332/34/143 324/170/417 300/34/143
f 324/170/18 358/170/18 359/171/6
f 325/172/10 353/184/10 354/26/12
f 327/175/4 342/185/4 344/176/5
f 328/177/7 360/177/7 361/178/19
f 329/180/13 355/180/13 356/29/14
f 330/181/83 350/181/83 351/182/20
f 331/183/71 345/187/71 346/168/72
f 332/34/15 357/188/15 358/170/18
f 334/18/9 352/18/9 353/184/10
f 333/16/8 343/16/8 342/185/4
f 336/13/6 359/171/6 360/177/7
f 337/26/12 354/26/12 355/180/13
f 340/179/19 361/178/19 343/186/8
f 338/174/11 349/174/11 350/181/83
f 339/176/5 344/176/5 345/187/71
f 341/29/14 356/29/14 357/188/15
f 309/29/234 297/29/234 300/34/235
f 321/186/240 308/36/241 295/179/241
f 305/26/242 289/26/242 296/180/243
f 315/10/246 321/16/240 301/16/240
f 302/18/249 283/18/249 288/172/250
f 312/190/251 320/34/235 300/34/235
f 309/29/234 317/189/243 296/180/243
f 308/36/241 316/177/245 294/177/245
f 315/10/246 292/175/246 293/176/236
f 312/190/251 286/170/251 287/13/244
f 327/175/262 292/175/262 301/186/254
f 301/186/254 295/179/255 340/179/255
f 333/16/254 327/175/262 301/186/254
f 291/174/256 290/173/257 326/173/257
f 338/174/256 330/181/271 291/174/256
f 330/181/271 298/181/271 291/174/256
f 293/176/261 292/175/262 327/175/262
f 339/176/261 331/183/269 293/176/261
f 331/183/269 299/183/269 293/176/261
f 289/26/263 288/172/264 325/172/264
f 337/26/263 329/180/272 289/26/263
f 329/180/272 296/180/272 289/26/263
f 283/18/265 282/39/266 322/39/266
f 334/18/265 325/172/264 283/18/265
f 325/172/264 288/172/264 283/18/265
f 299/183/269 331/183/269 323/168/270
f 298/181/271 330/181/271 322/39/266
f 296/180/272 329/180/272 341/29/144
f 306/174/11 318/181/83 1017/215/83
f 310/191/20 302/18/9 1023/20/9
f 313/172/10 305/26/12 1025/28/12
f 318/181/83 310/191/20 1029/216/20
f 316/177/7 308/36/19 1018/38/19
f 319/183/71 311/168/72 1024/305/72
f 312/190/18 304/13/6 1030/15/6
f 307/176/5 319/183/71 1031/365/71
f 85/204/3 86/206/3 347/471/3
f 347/471/3 346/472/3 85/204/3
f 346/472/3 345/473/3 85/204/3
f 345/473/3 344/474/3 65/167/3
f 344/474/3 342/475/3 38/166/3
f 342/475/3 343/476/3 38/166/3
f 343/476/3 361/368/3 181/207/3
f 38/166/3 343/476/3 181/207/3
f 361/368/3 360/477/3 169/202/3
f 360/477/3 359/478/3 163/198/3
f 359/478/3 358/479/3 163/198/3
f 358/479/3 357/480/3 157/197/3
f 163/198/3 358/479/3 157/197/3
f 357/480/3 356/481/3 145/5/3
f 356/481/3 355/482/3 134/208/3
f 355/482/3 354/483/3 134/208/3
f 354/483/3 353/484/3 133/6/3
f 134/208/3 354/483/3 133/6/3
f 353/484/3 122/203/3 133/6/3
f 356/481/3 134/208/3 145/5/3
f 360/477/3 163/198/3 169/202/3
f 344/474/3 38/166/3 65/167/3
f 66/201/3 85/204/3 345/473/3
f 65/167/3 66/201/3 345/473/3
f 357/480/3 145/5/3 146/211/3
f 357/480/3 146/211/3 157/197/3
f 175/205/3 181/207/3 361/368/3
f 317/189/13 309/29/14 1016/31/14
f 303/1/1 314/24/2 1013/2/2
f 375/4/3 376/195/3 396/5/3
f 396/5/3 395/208/3 394/6/3
f 394/6/3 374/235/3 375/4/3
f 861/375/3 843/377/3 903/311/3
f 903/311/3 921/312/3 920/316/3
f 920/316/3 919/315/3 918/7/3
f 918/7/3 917/324/3 916/322/3
f 916/322/3 915/321/3 914/319/3
f 914/319/3 854/334/3 855/330/3
f 914/319/3 855/330/3 856/328/3
f 861/375/3 903/311/3 920/316/3
f 860/374/3 861/375/3 920/316/3
f 916/322/3 914/319/3 856/328/3
f 916/322/3 856/328/3 857/8/3
f 860/374/3 920/316/3 918/7/3
f 859/373/3 860/374/3 918/7/3
f 918/7/3 916/322/3 857/8/3
f 858/9/3 859/373/3 918/7/3
f 560/316/3 561/312/3 821/267/3
f 821/267/3 820/265/3 819/263/3
f 819/263/3 818/262/3 817/272/3
f 817/272/3 816/270/3 815/269/3
f 815/269/3 814/268/3 813/259/3
f 813/259/3 812/258/3 811/21/3
f 811/21/3 810/242/3 809/271/3
f 809/271/3 808/261/3 807/260/3
f 807/260/3 806/266/3 805/264/3
f 805/264/3 804/33/3 802/218/3
f 802/218/3 803/257/3 543/311/3
f 802/218/3 543/311/3 542/326/3
f 807/260/3 805/264/3 802/218/3
f 811/21/3 809/271/3 807/260/3
f 815/269/3 813/259/3 811/21/3
f 819/263/3 817/272/3 815/269/3
f 560/316/3 821/267/3 819/263/3
f 559/315/3 560/316/3 819/263/3
f 802/218/3 542/326/3 544/274/3
f 802/218/3 544/274/3 545/275/3
f 558/7/3 559/315/3 819/263/3
f 557/324/3 558/7/3 819/263/3
f 807/260/3 802/218/3 545/275/3
f 807/260/3 545/275/3 546/318/3
f 557/324/3 819/263/3 815/269/3
f 556/322/3 557/324/3 815/269/3
f 807/260/3 546/318/3 547/320/3
f 807/260/3 547/320/3 548/301/3
f 555/321/3 556/322/3 815/269/3
f 554/319/3 555/321/3 815/269/3
f 811/21/3 807/260/3 548/301/3
f 811/21/3 548/301/3 549/323/3
f 554/319/3 815/269/3 811/21/3
f 553/317/3 554/319/3 811/21/3
f 811/21/3 549/323/3 550/325/3
f 811/21/3 550/325/3 551/22/3
f 552/23/3 553/317/3 811/21/3
f 594/298/419 606/242/420 726/242/420
f 780/290/421 762/263/422 642/263/422
f 780/290/421 642/263/422 660/290/421
f 594/298/419 726/242/420 714/298/419
f 582/277/423 594/298/419 714/298/419
f 798/291/424 780/290/421 660/290/421
f 798/291/424 660/290/421 678/291/424
f 582/277/423 714/298/419 702/277/423
f 577/276/425 582/277/423 702/277/423
f 733/217/426 798/291/424 678/291/424
f 733/217/426 678/291/424 613/217/426
f 577/276/425 702/277/423 697/276/425
f 672/266/427 577/276/425 697/276/425
f 738/300/428 733/217/426 613/217/426
f 738/300/428 613/217/426 618/300/428
f 672/266/427 697/276/425 792/266/427
f 654/32/16 672/266/427 792/266/427
f 756/33/17 738/300/428 618/300/428
f 756/33/17 618/300/428 636/33/17
f 654/32/16 792/266/427 774/32/16
f 756/33/17 636/33/17 654/32/16
f 624/262/429 642/263/422 762/263/422
f 750/297/430 726/242/420 606/242/420
f 750/297/430 606/242/420 630/297/430
f 624/262/429 762/263/422 744/262/429
f 600/294/431 624/262/429 744/262/429
f 768/214/432 750/297/430 630/297/430
f 768/214/432 630/297/430 648/214/432
f 600/294/431 744/262/429 720/294/431
f 588/278/433 600/294/431 720/294/431
f 786/287/434 768/214/432 648/214/432
f 786/287/434 648/214/432 666/287/434
f 588/278/433 720/294/431 708/278/433
f 570/76/66 588/278/433 708/278/433
f 685/77/67 786/287/434 666/287/434
f 685/77/67 666/287/434 565/77/67
f 570/76/66 708/278/433 690/76/66
f 685/77/67 565/77/67 570/76/66
f 38/166/4 382/166/4 384/167/5
f 323/168/72 346/168/72 347/169/1
f 326/173/2 348/173/2 349/174/11
f 335/1/1 347/169/1 348/173/2
f 307/176/236 293/176/236 299/183/237
f 306/174/238 291/174/238 298/181/239
f 304/13/244 287/13/244 294/177/245
f 314/24/247 303/1/248 285/1/248
f 311/168/252 319/183/237 299/183/237
f 318/181/239 298/181/239 282/39/253
f 314/24/247 290/173/247 291/174/238
f 313/172/250 288/172/250 289/26/242
f 311/168/252 284/168/252 285/1/248
f 310/191/253 282/39/253 283/18/249
f 285/1/260 284/168/270 323/168/270
f 335/1/260 326/173/257 290/173/257
f 285/1/260 323/168/270 335/1/260
f 287/13/267 286/170/417 324/170/417
f 336/13/267 328/177/268 294/177/268
f 287/13/267 324/170/417 336/13/267
f 294/177/268 328/177/268 340/179/255
f 972/344/3 974/341/3 975/9/3
f 975/9/3 973/8/3 971/328/3
f 971/328/3 969/330/3 967/334/3
f 967/334/3 965/337/3 963/340/3
f 963/340/3 961/343/3 959/192/3
f 959/192/3 957/302/3 955/193/3
f 955/193/3 953/399/3 951/397/3
f 951/397/3 949/395/3 947/393/3
f 947/393/3 945/391/3 942/377/3
f 942/377/3 981/375/3 979/374/3
f 979/374/3 978/335/3 980/332/3
f 979/374/3 980/332/3 943/331/3
f 972/344/3 975/9/3 971/328/3
f 970/402/3 972/344/3 971/328/3
f 942/377/3 979/374/3 943/331/3
f 942/377/3 943/331/3 944/379/3
f 970/402/3 971/328/3 967/334/3
f 968/401/3 970/402/3 967/334/3
f 947/393/3 942/377/3 944/379/3
f 947/393/3 944/379/3 946/381/3
f 966/400/3 968/401/3 967/334/3
f 964/398/3 966/400/3 967/334/3
f 951/397/3 947/393/3 946/381/3
f 951/397/3 946/381/3 948/383/3
f 964/398/3 967/334/3 963/340/3
f 962/396/3 964/398/3 963/340/3
f 951/397/3 948/383/3 950/385/3
f 951/397/3 950/385/3 952/387/3
f 962/396/3 963/340/3 959/192/3
f 960/394/3 962/396/3 959/192/3
f 955/193/3 951/397/3 952/387/3
f 955/193/3 952/387/3 954/389/3
f 958/392/3 960/394/3 959/192/3
f 955/193/3 954/389/3 956/194/3
f 956/194/3 958/392/3 959/192/3
f 376/195/72 436/195/72 437/196/1
f 157/197/18 398/197/18 399/198/6
f 110/199/20 391/199/20 392/200/9
f 65/167/5 384/167/5 385/201/71
f 163/198/6 399/198/6 400/202/7
f 121/200/9 392/200/9 393/203/10
f 66/201/71 385/201/71 386/204/72
f 169/202/7 400/202/7 401/205/19
f 122/203/10 393/203/10 394/6/12
f 85/204/72 386/204/72 387/206/1
f 175/205/19 401/205/19 383/207/8
f 133/6/12 394/6/12 395/208/13
f 86/206/1 387/206/1 388/209/2
f 134/208/13 395/208/13 396/5/14
f 97/209/2 388/209/2 389/210/11
f 145/5/14 396/5/14 397/211/15
f 98/210/11 389/210/11 390/212/83
f 181/207/8 383/207/8 382/166/4
f 146/211/15 397/211/15 398/197/18
f 109/212/83 390/212/83 391/199/20
f 724/242/3 604/242/3 628/213/3
f 628/213/3 646/214/3 766/214/3
f 748/213/3 724/242/3 628/213/3
f 562/268/273 669/259/273 789/259/273
f 753/297/273 771/214/273 651/214/273
f 753/297/273 651/214/273 633/297/273
f 562/268/273 789/259/273 682/268/273
f 573/309/273 562/268/273 682/268/273
f 729/303/273 753/297/273 633/297/273
f 729/303/273 633/297/273 609/303/273
f 573/309/273 682/268/273 693/309/273
f 591/270/273 573/309/273 693/309/273
f 717/298/273 729/303/273 609/303/273
f 717/298/273 609/303/273 597/298/273
f 591/270/273 693/309/273 711/270/273
f 603/294/273 591/270/273 711/270/273
f 705/307/273 717/298/273 597/298/273
f 705/307/273 597/298/273 585/307/273
f 603/294/273 711/270/273 723/294/273
f 627/262/273 603/294/273 723/294/273
f 694/260/273 705/307/273 585/307/273
f 694/260/273 585/307/273 574/260/273
f 627/262/273 723/294/273 747/262/273
f 645/293/273 627/262/273 747/262/273
f 795/266/273 694/260/273 574/260/273
f 795/266/273 574/260/273 675/266/273
f 645/293/273 747/262/273 765/293/273
f 663/265/273 645/293/273 765/293/273
f 777/264/273 795/266/273 675/266/273
f 777/264/273 675/266/273 657/264/273
f 663/265/273 765/293/273 783/265/273
f 681/283/273 663/265/273 783/265/273
f 759/299/273 777/264/273 657/264/273
f 759/299/273 657/264/273 639/299/273
f 681/283/273 783/265/273 801/283/273
f 610/217/273 681/283/273 801/283/273
f 741/218/273 759/299/273 639/299/273
f 741/218/273 639/299/273 621/218/273
f 610/217/273 801/283/273 730/217/273
f 741/218/273 621/218/273 610/217/273
f 411/219/20 410/220/83 470/220/83
f 369/221/6 429/221/6 430/222/7
f 363/223/9 423/223/9 422/224/10
f 377/196/1 437/196/1 438/225/2
f 370/222/7 430/222/7 431/226/19
f 362/224/10 422/224/10 424/227/12
f 378/225/2 438/225/2 439/228/11
f 372/229/8 371/226/19 431/226/19
f 364/227/12 424/227/12 425/230/13
f 379/228/11 439/228/11 440/231/83
f 372/229/8 432/229/8 433/232/4
f 365/230/13 425/230/13 426/233/14
f 380/231/83 440/231/83 441/234/20
f 373/232/4 433/232/4 434/235/5
f 366/233/14 426/233/14 427/236/15
f 381/234/20 441/234/20 423/223/9
f 374/235/5 434/235/5 435/4/71
f 367/236/15 427/236/15 428/237/18
f 375/4/71 435/4/71 436/195/72
f 368/237/18 428/237/18 429/221/6
f 419/238/3 439/228/3 438/225/3
f 417/256/3 418/239/3 438/225/3
f 438/225/3 437/196/3 436/195/3
f 436/195/3 435/4/3 434/235/3
f 434/235/3 433/232/3 432/229/3
f 432/229/3 431/226/3 430/222/3
f 430/222/3 429/221/3 428/237/3
f 428/237/3 427/236/3 426/233/3
f 426/233/3 425/230/3 424/227/3
f 424/227/3 422/224/3 423/223/3
f 423/223/3 441/234/3 440/231/3
f 440/231/3 439/228/3 419/238/3
f 440/231/3 419/238/3 420/247/3
f 417/256/3 438/225/3 436/195/3
f 416/255/3 417/256/3 436/195/3
f 440/231/3 420/247/3 421/250/3
f 423/223/3 440/231/3 421/250/3
f 415/254/3 416/255/3 436/195/3
f 415/254/3 436/195/3 434/235/3
f 423/223/3 421/250/3 403/253/3
f 423/223/3 403/253/3 402/243/3
f 414/251/3 415/254/3 434/235/3
f 413/248/3 414/251/3 434/235/3
f 424/227/3 423/223/3 402/243/3
f 424/227/3 402/243/3 404/244/3
f 413/248/3 434/235/3 432/229/3
f 412/245/3 413/248/3 432/229/3
f 424/227/3 404/244/3 405/246/3
f 426/233/3 424/227/3 405/246/3
f 411/219/3 412/245/3 432/229/3
f 411/219/3 432/229/3 430/222/3
f 426/233/3 405/246/3 406/249/3
f 426/233/3 406/249/3 407/252/3
f 410/220/3 411/219/3 430/222/3
f 409/241/3 410/220/3 430/222/3
f 428/237/3 426/233/3 407/252/3
f 428/237/3 407/252/3 408/240/3
f 409/241/3 430/222/3 428/237/3
f 450/242/7 490/242/7 491/21/19
f 402/243/4 462/243/4 464/244/5
f 418/239/18 478/239/18 479/238/6
f 411/219/20 471/219/20 472/245/9
f 404/244/5 464/244/5 465/246/71
f 419/238/6 479/238/6 480/247/7
f 412/245/9 472/245/9 473/248/10
f 405/246/71 465/246/71 466/249/72
f 420/247/7 480/247/7 481/250/19
f 414/251/12 413/248/10 473/248/10
f 406/249/72 466/249/72 467/252/1
f 421/250/19 481/250/19 463/253/8
f 414/251/12 474/251/12 475/254/13
f 407/252/1 467/252/1 468/240/2
f 415/254/13 475/254/13 476/255/14
f 408/240/2 468/240/2 469/241/11
f 416/255/14 476/255/14 477/256/15
f 409/241/11 469/241/11 470/220/83
f 403/253/8 463/253/8 462/243/4
f 417/256/15 477/256/15 478/239/18
f 442/218/3 462/243/3 463/253/3
f 461/267/3 443/257/3 463/253/3
f 463/253/3 481/250/3 480/247/3
f 480/247/3 479/238/3 478/239/3
f 478/239/3 477/256/3 476/255/3
f 476/255/3 475/254/3 474/251/3
f 474/251/3 473/248/3 472/245/3
f 472/245/3 471/219/3 470/220/3
f 470/220/3 469/241/3 468/240/3
f 468/240/3 467/252/3 466/249/3
f 466/249/3 465/246/3 464/244/3
f 464/244/3 462/243/3 442/218/3
f 464/244/3 442/218/3 444/33/3
f 461/267/3 463/253/3 480/247/3
f 460/265/3 461/267/3 480/247/3
f 464/244/3 444/33/3 445/264/3
f 466/249/3 464/244/3 445/264/3
f 459/263/3 460/265/3 480/247/3
f 459/263/3 480/247/3 478/239/3
f 466/249/3 445/264/3 446/266/3
f 466/249/3 446/266/3 447/260/3
f 458/262/3 459/263/3 478/239/3
f 457/272/3 458/262/3 478/239/3
f 468/240/3 466/249/3 447/260/3
f 468/240/3 447/260/3 448/261/3
f 457/272/3 478/239/3 476/255/3
f 456/270/3 457/272/3 476/255/3
f 468/240/3 448/261/3 449/271/3
f 470/220/3 468/240/3 449/271/3
f 455/269/3 456/270/3 476/255/3
f 455/269/3 476/255/3 474/251/3
f 470/220/3 449/271/3 450/242/3
f 470/220/3 450/242/3 451/21/3
f 454/268/3 455/269/3 474/251/3
f 453/259/3 454/268/3 474/251/3
f 472/245/3 470/220/3 451/21/3
f 472/245/3 451/21/3 452/258/3
f 453/259/3 474/251/3 472/245/3
f 487/260/1 507/260/293 508/261/274
f 442/218/10 482/218/10 484/33/12
f 458/262/2 498/262/2 499/263/11
f 451/21/19 491/21/19 492/258/8
f 444/33/12 484/33/12 485/264/13
f 459/263/11 499/263/11 500/265/83
f 452/258/8 492/258/8 493/259/4
f 445/264/13 485/264/13 486/266/14
f 460/265/83 500/265/83 501/267/20
f 454/268/5 453/259/4 493/259/4
f 446/266/14 486/266/14 487/260/15
f 461/267/20 501/267/20 483/257/9
f 454/268/5 494/268/5 495/269/71
f 447/260/15 487/260/15 488/261/18
f 455/269/71 495/269/71 496/270/72
f 448/261/18 488/261/18 489/271/6
f 456/270/72 496/270/72 497/272/1
f 449/271/6 489/271/6 490/242/7
f 443/257/9 483/257/9 482/218/10
f 457/272/1 497/272/1 498/262/2
f 502/218/275 503/257/294 523/257/276
f 495/269/13 515/269/295 516/270/278
f 488/261/2 508/261/274 509/271/279
f 496/270/14 516/270/278 517/272/280
f 489/271/11 509/271/279 510/242/281
f 483/257/8 503/257/294 502/218/275
f 497/272/15 517/272/280 518/262/282
f 490/242/83 510/242/281 511/21/283
f 484/33/5 482/218/4 502/218/275
f 499/263/6 498/262/18 518/262/282
f 491/21/20 511/21/283 512/258/286
f 484/33/5 504/33/284 505/264/287
f 499/263/6 519/263/285 520/265/288
f 492/258/9 512/258/286 513/259/289
f 485/264/71 505/264/287 506/266/290
f 500/265/7 520/265/288 521/267/291
f 494/268/12 493/259/10 513/259/289
f 486/266/72 506/266/290 507/260/293
f 501/267/19 521/267/291 503/257/294
f 494/268/12 514/268/292 515/269/295
f 567/273/12 814/268/12 815/269/13
f 517/272/280 537/272/312 538/262/296
f 510/242/281 530/242/313 531/21/297
f 502/218/275 522/218/277 524/33/298
f 518/262/282 538/262/296 539/263/299
f 511/21/283 531/21/297 532/258/300
f 504/33/284 524/33/298 525/264/301
f 520/265/288 519/263/285 539/263/299
f 512/258/286 532/258/300 533/259/303
f 506/266/290 505/264/287 525/264/301
f 521/267/291 520/265/288 540/265/302
f 513/259/289 533/259/303 534/268/306
f 507/260/293 506/266/290 526/266/304
f 503/257/294 521/267/291 541/267/305
f 514/268/292 534/268/306 535/269/308
f 508/261/274 507/260/293 527/260/307
f 515/269/295 535/269/308 536/270/310
f 509/271/279 508/261/274 528/261/309
f 516/270/278 536/270/310 537/272/312
f 509/271/279 529/271/311 530/242/313
f 544/274/5 904/274/5 905/275/71
f 579/276/1 807/260/1 808/261/2
f 568/76/13 815/269/13 816/270/14
f 580/277/2 808/261/2 809/271/11
f 586/278/14 816/270/14 817/272/15
f 592/271/11 809/271/11 810/242/83
f 615/279/8 803/257/8 802/218/4
f 598/272/15 817/272/15 818/262/18
f 604/242/83 810/242/83 811/21/20
f 616/280/4 802/218/4 804/33/5
f 622/262/18 818/262/18 819/263/6
f 628/213/20 811/21/20 812/258/9
f 634/33/5 804/33/5 805/264/71
f 640/263/6 819/263/6 820/265/7
f 646/214/9 812/258/9 813/259/10
f 652/264/71 805/264/71 806/266/72
f 658/265/7 820/265/7 821/267/19
f 567/273/12 664/281/10 813/259/10
f 579/276/1 670/266/72 806/266/72
f 615/279/8 676/282/19 821/267/19
f 523/257/276 541/267/305 681/283/19
f 611/217/8 680/289/19 679/284/19
f 613/217/8 678/291/19 677/283/19
f 527/260/307 526/266/304 675/266/72
f 617/300/273 614/279/273 734/279/273
f 779/265/273 797/283/273 677/283/273
f 779/265/273 677/283/273 659/265/273
f 617/300/273 734/279/273 737/300/273
f 635/33/273 617/300/273 737/300/273
f 761/263/273 779/265/273 659/265/273
f 761/263/273 659/265/273 641/263/273
f 635/33/273 737/300/273 755/33/273
f 653/264/273 635/33/273 755/33/273
f 743/262/273 761/263/273 641/263/273
f 743/262/273 641/263/273 623/262/273
f 653/264/273 755/33/273 773/264/273
f 671/266/273 653/264/273 773/264/273
f 719/294/273 743/262/273 623/262/273
f 719/294/273 623/262/273 599/294/273
f 671/266/273 773/264/273 791/266/273
f 578/260/273 671/266/273 791/266/273
f 707/278/273 719/294/273 599/294/273
f 707/278/273 599/294/273 587/278/273
f 578/260/273 791/266/273 698/260/273
f 581/277/273 578/260/273 698/260/273
f 689/310/273 707/278/273 587/278/273
f 689/310/273 587/278/273 569/310/273
f 581/277/273 698/260/273 701/277/273
f 593/298/273 581/277/273 701/277/273
f 686/273/273 689/310/273 569/310/273
f 686/273/273 569/310/273 566/273/273
f 593/298/273 701/277/273 713/298/273
f 605/242/273 593/298/273 713/298/273
f 785/288/273 686/273/273 566/273/273
f 785/288/273 566/273/273 665/288/273
f 605/242/273 713/298/273 725/242/273
f 629/21/273 605/242/273 725/242/273
f 767/285/273 785/288/273 665/288/273
f 767/285/273 665/288/273 647/285/273
f 629/21/273 725/242/273 749/21/273
f 767/285/273 647/285/273 629/21/273
f 575/276/1 674/266/72 673/266/72
f 577/276/1 672/266/72 671/266/72
f 534/268/306 533/259/303 669/259/10
f 563/77/12 668/292/10 667/287/10
f 565/77/12 666/287/10 665/288/10
f 541/267/305 540/265/302 663/265/7
f 662/265/7 661/290/7 679/284/19
f 660/290/7 659/265/7 677/283/19
f 525/264/301 657/264/71 675/266/72
f 656/264/71 655/295/71 673/266/72
f 654/32/71 653/264/71 671/266/72
f 532/258/300 651/214/9 669/259/10
f 650/214/9 649/285/9 667/287/10
f 648/214/9 647/285/9 665/288/10
f 539/263/299 645/293/6 663/265/7
f 644/293/6 643/263/6 661/290/7
f 614/279/273 677/283/273 797/283/273
f 642/263/6 641/263/6 659/265/7
f 524/33/298 639/299/5 657/264/71
f 644/293/3 662/265/3 782/265/3
f 692/269/3 683/77/3 563/77/3
f 692/269/3 563/77/3 572/269/3
f 644/293/3 782/265/3 764/293/3
f 626/262/3 644/293/3 764/293/3
f 710/304/3 692/269/3 572/269/3
f 710/304/3 572/269/3 590/304/3
f 626/262/3 764/293/3 746/262/3
f 710/304/3 590/304/3 602/294/3
f 602/294/3 626/262/3 746/262/3
f 722/294/3 710/304/3 602/294/3
f 638/33/5 637/33/5 655/295/71
f 636/33/5 635/33/5 653/264/71
f 531/21/297 633/297/20 651/214/9
f 632/296/20 631/21/20 649/285/9
f 630/297/20 629/21/20 647/285/9
f 538/262/296 627/262/18 645/293/6
f 655/295/457 637/33/458 757/33/458
f 684/268/459 691/310/460 571/310/460
f 684/268/459 571/310/460 564/268/459
f 655/295/457 757/33/458 775/295/457
f 673/266/461 655/295/457 775/295/457
f 787/287/462 684/268/459 564/268/459
f 787/287/462 564/268/459 667/287/462
f 673/266/461 775/295/457 793/266/461
f 576/286/463 673/266/461 793/266/461
f 769/285/464 787/287/462 667/287/462
f 769/285/464 667/287/462 649/285/464
f 576/286/463 793/266/461 696/286/463
f 583/277/465 576/286/463 696/286/463
f 751/21/466 769/285/464 649/285/464
f 751/21/466 649/285/464 631/21/466
f 583/277/465 696/286/463 703/277/465
f 595/298/314 583/277/465 703/277/465
f 727/242/315 751/21/466 631/21/466
f 727/242/315 631/21/466 607/242/315
f 595/298/314 703/277/465 715/298/314
f 727/242/315 607/242/315 595/298/314
f 626/262/18 625/262/18 643/263/6
f 624/262/18 623/262/18 641/263/6
f 522/218/277 621/218/4 639/299/5
f 620/300/4 619/300/4 637/33/5
f 618/300/4 617/300/4 635/33/5
f 530/242/313 609/303/83 633/297/20
f 608/242/83 607/242/83 631/21/20
f 606/242/83 605/242/83 629/21/20
f 537/272/312 603/294/15 627/262/18
f 602/294/15 601/294/15 625/262/18
f 600/294/15 599/294/15 623/262/18
f 853/337/3 854/334/3 914/319/3
f 914/319/3 913/317/3 912/23/3
f 912/23/3 911/22/3 910/325/3
f 910/325/3 909/323/3 908/301/3
f 908/301/3 907/320/3 906/318/3
f 906/318/3 905/275/3 904/274/3
f 904/274/3 902/326/3 903/311/3
f 903/311/3 843/377/3 842/391/3
f 903/311/3 842/391/3 844/393/3
f 853/337/3 914/319/3 912/23/3
f 852/340/3 853/337/3 912/23/3
f 904/274/3 903/311/3 844/393/3
f 904/274/3 844/393/3 845/395/3
f 852/340/3 912/23/3 910/325/3
f 851/343/3 852/340/3 910/325/3
f 906/318/3 904/274/3 845/395/3
f 906/318/3 845/395/3 846/397/3
f 850/192/3 851/343/3 910/325/3
f 849/302/3 850/192/3 910/325/3
f 908/301/3 906/318/3 846/397/3
f 908/301/3 846/397/3 847/399/3
f 849/302/3 910/325/3 908/301/3
f 908/301/3 847/399/3 848/193/3
f 523/257/276 610/217/8 621/218/4
f 611/217/8 612/279/8 619/300/4
f 613/217/8 614/279/8 617/300/4
f 529/271/311 597/298/11 609/303/83
f 596/298/11 595/298/11 607/242/83
f 594/298/11 593/298/11 605/242/83
f 536/270/310 591/270/14 603/294/15
f 590/304/14 589/278/14 601/294/15
f 588/278/14 587/278/14 599/294/15
f 528/261/309 585/307/2 597/298/11
f 311/168/72 303/1/1 1019/3/1
f 584/306/2 583/277/2 595/298/11
f 582/277/2 581/277/2 593/298/11
f 535/269/308 573/309/13 591/270/14
f 572/269/13 571/310/13 589/278/14
f 570/76/13 569/310/13 587/278/14
f 527/260/307 574/260/1 585/307/2
f 121/200/3 122/203/3 353/484/3
f 353/484/3 352/492/3 351/308/3
f 351/308/3 350/493/3 349/494/3
f 349/494/3 348/495/3 347/471/3
f 347/471/3 86/206/3 97/209/3
f 347/471/3 97/209/3 98/210/3
f 351/308/3 349/494/3 347/471/3
f 121/200/3 353/484/3 351/308/3
f 110/199/3 121/200/3 351/308/3
f 351/308/3 347/471/3 98/210/3
f 109/212/3 110/199/3 351/308/3
f 575/276/1 576/286/1 583/277/2
f 577/276/1 578/260/1 581/277/2
f 534/268/306 562/268/12 573/309/13
f 563/77/12 564/268/12 571/310/13
f 565/77/12 566/273/12 569/310/13
f 730/217/8 801/283/19 800/289/19
f 732/279/8 799/284/19 798/291/19
f 734/279/8 797/283/19 796/282/19
f 694/260/1 795/266/72 794/266/72
f 696/286/1 793/266/72 792/266/72
f 698/260/1 791/266/72 790/266/72
f 682/268/12 789/259/10 788/292/10
f 787/287/10 786/287/10 685/77/12
f 686/273/12 785/288/10 784/281/10
f 783/265/7 782/265/7 800/289/19
f 781/290/7 780/290/7 798/291/19
f 779/265/7 778/265/7 796/282/19
f 795/266/72 777/264/71 776/264/71
f 775/295/71 774/32/71 792/266/72
f 791/266/72 773/264/71 772/264/71
f 771/214/9 770/214/9 788/292/10
f 769/285/9 768/214/9 786/287/10
f 767/285/9 766/214/9 784/281/10
f 765/293/6 764/293/6 782/265/7
f 763/263/6 762/263/6 780/290/7
f 761/263/6 760/263/6 778/265/7
f 777/264/71 759/299/5 758/33/5
f 757/33/5 756/33/5 774/32/71
f 755/33/5 754/33/5 772/264/71
f 753/297/20 752/296/20 770/214/9
f 751/21/20 750/297/20 768/214/9
f 749/21/20 748/213/20 766/214/9
f 747/262/18 746/262/18 764/293/6
f 745/262/18 744/262/18 762/263/6
f 743/262/18 742/262/18 760/263/6
f 759/299/5 741/218/4 740/300/4
f 739/300/4 738/300/4 756/33/5
f 737/300/4 736/280/4 754/33/5
f 729/303/83 728/242/83 752/296/20
f 727/242/83 726/242/83 750/297/20
f 725/242/83 724/242/83 748/213/20
f 723/294/15 722/294/15 746/262/18
f 721/294/15 720/294/15 744/262/18
f 719/294/15 718/272/15 742/262/18
f 730/217/8 731/217/8 740/300/4
f 739/300/4 732/279/8 733/217/8
f 734/279/8 735/279/8 736/280/4
f 717/298/11 716/298/11 728/242/83
f 715/298/11 714/298/11 726/242/83
f 713/298/11 712/271/11 724/242/83
f 711/270/14 710/304/14 722/294/15
f 709/278/14 708/278/14 720/294/15
f 707/278/14 706/278/14 718/272/15
f 705/307/2 704/306/2 716/298/11
f 703/277/2 702/277/2 714/298/11
f 701/277/2 700/277/2 712/271/11
f 693/309/13 692/269/13 710/304/14
f 691/310/13 690/76/13 708/278/14
f 689/310/13 688/76/13 706/278/14
f 694/260/1 695/276/1 704/306/2
f 696/286/1 697/276/1 702/277/2
f 698/260/1 699/276/1 700/277/2
f 682/268/12 683/77/12 692/269/13
f 684/268/12 685/77/12 690/76/13
f 686/273/12 687/273/12 688/76/13
f 589/278/467 571/310/460 691/310/460
f 739/300/468 757/33/458 637/33/458
f 739/300/468 637/33/458 619/300/468
f 589/278/467 691/310/460 709/278/467
f 601/294/469 589/278/467 709/278/467
f 732/279/470 739/300/468 619/300/468
f 732/279/470 619/300/468 612/279/470
f 601/294/469 709/278/467 721/294/469
f 625/262/471 601/294/469 721/294/469
f 799/284/472 732/279/470 612/279/470
f 799/284/472 612/279/470 679/284/472
f 625/262/471 721/294/469 745/262/471
f 643/263/316 625/262/471 745/262/471
f 781/290/317 799/284/472 679/284/472
f 781/290/317 679/284/472 661/290/317
f 643/263/316 745/262/471 763/263/316
f 781/290/317 661/290/317 643/263/316
f 651/214/273 771/214/273 789/259/273
f 592/271/3 604/242/3 724/242/3
f 784/281/3 766/214/3 646/214/3
f 784/281/3 646/214/3 664/281/3
f 592/271/3 724/242/3 712/271/3
f 580/277/3 592/271/3 712/271/3
f 687/273/3 784/281/3 664/281/3
f 687/273/3 664/281/3 567/273/3
f 580/277/3 712/271/3 700/277/3
f 579/276/3 580/277/3 700/277/3
f 688/76/3 687/273/3 567/273/3
f 688/76/3 567/273/3 568/76/3
f 579/276/3 700/277/3 699/276/3
f 670/266/3 579/276/3 699/276/3
f 706/278/3 688/76/3 568/76/3
f 706/278/3 568/76/3 586/278/3
f 670/266/3 699/276/3 790/266/3
f 652/264/3 670/266/3 790/266/3
f 718/272/3 706/278/3 586/278/3
f 718/272/3 586/278/3 598/272/3
f 652/264/3 790/266/3 772/264/3
f 634/33/3 652/264/3 772/264/3
f 742/262/3 718/272/3 598/272/3
f 742/262/3 598/272/3 622/262/3
f 634/33/3 772/264/3 754/33/3
f 616/280/3 634/33/3 754/33/3
f 760/263/3 742/262/3 622/262/3
f 760/263/3 622/262/3 640/263/3
f 616/280/3 754/33/3 736/280/3
f 615/279/3 616/280/3 736/280/3
f 778/265/3 760/263/3 640/263/3
f 778/265/3 640/263/3 658/265/3
f 615/279/3 736/280/3 735/279/3
f 778/265/3 658/265/3 676/282/3
f 676/282/3 615/279/3 735/279/3
f 796/282/3 778/265/3 676/282/3
f 373/232/3 374/235/3 394/6/3
f 394/6/3 393/203/3 392/200/3
f 392/200/3 391/199/3 390/212/3
f 390/212/3 389/210/3 388/209/3
f 388/209/3 387/206/3 386/204/3
f 386/204/3 385/201/3 384/167/3
f 384/167/3 382/166/3 383/207/3
f 383/207/3 401/205/3 400/202/3
f 400/202/3 399/198/3 398/197/3
f 398/197/3 397/211/3 396/5/3
f 396/5/3 376/195/3 377/196/3
f 398/197/3 396/5/3 377/196/3
f 373/232/3 394/6/3 392/200/3
f 372/229/3 373/232/3 392/200/3
f 398/197/3 377/196/3 378/225/3
f 398/197/3 378/225/3 379/228/3
f 371/226/3 372/229/3 392/200/3
f 371/226/3 392/200/3 390/212/3
f 400/202/3 398/197/3 379/228/3
f 400/202/3 379/228/3 380/231/3
f 370/222/3 371/226/3 390/212/3
f 369/221/3 370/222/3 390/212/3
f 400/202/3 380/231/3 381/234/3
f 383/207/3 400/202/3 381/234/3
f 369/221/3 390/212/3 388/209/3
f 368/237/3 369/221/3 388/209/3
f 383/207/3 381/234/3 363/223/3
f 383/207/3 363/223/3 362/224/3
f 367/236/3 368/237/3 388/209/3
f 367/236/3 388/209/3 386/204/3
f 384/167/3 383/207/3 362/224/3
f 384/167/3 362/224/3 364/227/3
f 366/233/3 367/236/3 386/204/3
f 384/167/3 364/227/3 365/230/3
f 365/230/3 366/233/3 386/204/3
f 543/311/3 803/257/3 821/267/3
f 934/313/5 874/313/5 875/314/71
f 559/315/6 919/315/6 920/316/7
f 553/317/10 552/23/9 912/23/9
f 545/275/71 905/275/71 906/318/72
f 560/316/7 920/316/7 921/312/19
f 553/317/10 913/317/10 914/319/12
f 546/318/72 906/318/72 907/320/1
f 543/311/8 561/312/19 921/312/19
f 554/319/12 914/319/12 915/321/13
f 547/320/1 907/320/1 908/301/2
f 555/321/13 915/321/13 916/322/14
f 548/301/2 908/301/2 909/323/11
f 556/322/14 916/322/14 917/324/15
f 549/323/11 909/323/11 910/325/83
f 543/311/8 903/311/8 902/326/4
f 557/324/15 917/324/15 918/7/18
f 550/325/83 910/325/83 911/22/20
f 542/326/4 902/326/4 904/274/5
f 558/7/18 918/7/18 919/315/6
f 551/22/20 911/22/20 912/23/9
f 857/8/1 973/8/1 975/9/2
f 856/328/72 971/328/72 973/8/1
f 855/330/71 969/330/71 971/328/72
f 823/331/8 943/331/8 980/332/19
f 854/334/5 967/334/5 969/330/71
f 841/332/19 980/332/19 978/335/7
f 853/337/4 965/337/4 967/334/5
f 840/335/7 978/335/7 976/338/6
f 853/337/4 852/340/8 963/340/8
f 839/338/6 976/338/6 974/341/18
f 851/343/19 961/343/19 963/340/8
f 838/341/18 974/341/18 972/344/15
f 850/192/7 959/192/7 961/343/19
f 880/348/3 879/359/3 878/357/3
f 878/357/3 877/353/3 876/351/3
f 876/351/3 875/314/3 874/313/3
f 874/313/3 873/361/3 872/346/3
f 872/346/3 871/358/3 870/354/3
f 870/354/3 869/352/3 868/350/3
f 868/350/3 867/349/3 866/362/3
f 866/362/3 865/360/3 864/347/3
f 864/347/3 862/356/3 863/355/3
f 863/355/3 881/363/3 880/348/3
f 880/348/3 878/357/3 876/351/3
f 876/351/3 874/313/3 872/346/3
f 872/346/3 870/354/3 868/350/3
f 868/350/3 866/362/3 864/347/3
f 864/347/3 863/355/3 880/348/3
f 880/348/3 876/351/3 872/346/3
f 872/346/3 868/350/3 864/347/3
f 927/349/15 867/349/15 868/350/18
f 935/314/71 875/314/71 876/351/72
f 928/350/18 868/350/18 869/352/6
f 937/353/1 936/351/72 876/351/72
f 930/354/7 929/352/6 869/352/6
f 923/355/9 863/355/9 862/356/10
f 937/353/1 877/353/1 878/357/2
f 931/358/19 930/354/7 870/354/7
f 922/356/10 862/356/10 864/347/12
f 938/357/2 878/357/2 879/359/11
f 932/346/8 931/358/19 871/358/19
f 924/347/12 864/347/12 865/360/13
f 939/359/11 879/359/11 880/348/83
f 933/361/4 932/346/8 872/346/8
f 925/360/13 865/360/13 866/362/14
f 940/348/83 880/348/83 881/363/20
f 934/313/5 933/361/4 873/361/4
f 926/362/14 866/362/14 867/349/15
f 941/363/20 881/363/20 863/355/9
f 668/292/3 563/77/3 683/77/3
f 800/289/3 782/265/3 662/265/3
f 800/289/3 662/265/3 680/289/3
f 668/292/3 683/77/3 788/292/3
f 650/214/3 668/292/3 788/292/3
f 731/217/3 800/289/3 680/289/3
f 731/217/3 680/289/3 611/217/3
f 650/214/3 788/292/3 770/214/3
f 632/296/3 650/214/3 770/214/3
f 740/300/3 731/217/3 611/217/3
f 740/300/3 611/217/3 620/300/3
f 632/296/3 770/214/3 752/296/3
f 608/242/3 632/296/3 752/296/3
f 758/33/3 740/300/3 620/300/3
f 758/33/3 620/300/3 638/33/3
f 608/242/3 752/296/3 728/242/3
f 596/298/3 608/242/3 728/242/3
f 776/264/3 758/33/3 638/33/3
f 776/264/3 638/33/3 656/264/3
f 596/298/3 728/242/3 716/298/3
f 584/306/3 596/298/3 716/298/3
f 794/266/3 776/264/3 656/264/3
f 794/266/3 656/264/3 674/266/3
f 584/306/3 716/298/3 704/306/3
f 794/266/3 674/266/3 575/276/3
f 575/276/3 584/306/3 704/306/3
f 695/276/3 794/266/3 575/276/3
f 838/341/3 837/344/3 937/353/3
f 822/379/3 823/331/3 841/332/3
f 841/332/3 840/335/3 839/338/3
f 839/338/3 838/341/3 938/357/3
f 839/338/3 938/357/3 939/359/3
f 822/379/3 841/332/3 839/338/3
f 825/383/3 824/381/3 822/379/3
f 827/387/3 826/385/3 825/383/3
f 829/194/3 828/389/3 827/387/3
f 831/394/3 830/392/3 829/194/3
f 833/398/3 832/396/3 831/394/3
f 835/401/3 834/400/3 833/398/3
f 837/344/3 836/402/3 835/401/3
f 936/351/3 937/353/3 837/344/3
f 935/314/3 936/351/3 837/344/3
f 837/344/3 835/401/3 833/398/3
f 833/398/3 831/394/3 829/194/3
f 829/194/3 827/387/3 825/383/3
f 839/338/3 939/359/3 940/348/3
f 839/338/3 940/348/3 941/363/3
f 935/314/3 837/344/3 833/398/3
f 934/313/3 935/314/3 833/398/3
f 822/379/3 839/338/3 941/363/3
f 822/379/3 941/363/3 923/355/3
f 933/361/3 934/313/3 833/398/3
f 932/346/3 933/361/3 833/398/3
f 822/379/3 923/355/3 922/356/3
f 822/379/3 922/356/3 924/347/3
f 931/358/3 932/346/3 833/398/3
f 931/358/3 833/398/3 829/194/3
f 825/383/3 822/379/3 924/347/3
f 825/383/3 924/347/3 925/360/3
f 930/354/3 931/358/3 829/194/3
f 929/352/3 930/354/3 829/194/3
f 825/383/3 925/360/3 926/362/3
f 825/383/3 926/362/3 927/349/3
f 928/350/3 929/352/3 829/194/3
f 829/194/3 825/383/3 927/349/3
f 858/9/2 975/9/2 977/373/11
f 859/373/11 977/373/11 979/374/83
f 860/374/83 979/374/83 981/375/20
f 861/375/20 981/375/20 942/377/9
f 822/379/4 944/379/4 943/331/8
f 824/381/5 946/381/5 944/379/4
f 825/383/71 948/383/71 946/381/5
f 826/385/72 950/385/72 948/383/71
f 827/387/1 952/387/1 950/385/72
f 828/389/2 954/389/2 952/387/1
f 829/194/11 956/194/11 954/389/2
f 843/377/9 942/377/9 945/391/10
f 830/392/83 958/392/83 956/194/11
f 842/391/10 945/391/10 947/393/12
f 831/394/20 960/394/20 958/392/83
f 844/393/12 947/393/12 949/395/13
f 832/396/9 962/396/9 960/394/20
f 845/395/13 949/395/13 951/397/14
f 833/398/10 964/398/10 962/396/9
f 846/397/14 951/397/14 953/399/15
f 834/400/12 966/400/12 964/398/10
f 847/399/15 953/399/15 955/193/18
f 835/401/13 968/401/13 966/400/12
f 848/193/18 955/193/18 957/302/6
f 836/402/14 970/402/14 968/401/13
f 849/302/6 957/302/6 959/192/7
f 837/344/15 972/344/15 970/402/14
f 976/338/3 978/335/3 979/374/3
f 979/374/3 977/373/3 975/9/3
f 975/9/3 974/341/3 976/338/3
usemtl glass
f 1022/27/13 12/95/14 13/109/13
f 1021/11/5 31/154/71 34/104/5
f 1015/35/18 5/43/6 7/60/18
f 1031/365/71 30/70/72 31/154/71
f 1026/14/7 3/92/19 4/44/7
f 1024/305/72 29/165/1 30/70/72
f 1017/215/83 21/87/20 22/107/83
f 1012/19/10 14/69/12 17/68/10
f 1029/216/20 20/114/9 21/87/20
f 1020/25/11 22/107/83 25/101/11
f 1018/38/19 1/118/8 3/92/19
f 10/108/15 1015/35/18 7/60/18
f 1016/31/14 10/108/15 12/95/14
f 1025/28/12 13/109/13 14/69/12
f 1013/2/2 25/101/11 27/54/2
f 1023/20/9 17/68/10 20/114/9
f 1/48/8 1028/12/4 37/53/4
f 1030/15/6 4/44/7 5/43/6
f 1028/12/4 34/104/5 37/53/4
f 29/165/1 1013/2/2 27/54/2
f 1022/27/13 1016/31/14 12/95/14
f 1021/11/5 1031/365/71 31/154/71
f 1015/35/18 1030/15/6 5/43/6
f 1031/365/71 1024/305/72 30/70/72
f 1026/14/7 1018/38/19 3/92/19
f 1024/305/72 1019/3/1 29/165/1
f 1017/215/83 1029/216/20 21/87/20
f 1012/19/10 1025/28/12 14/69/12
f 1029/216/20 1023/20/9 20/114/9
f 1020/25/11 1017/215/83 22/107/83
f 1018/38/19 1014/37/8 1/118/8
f 10/108/15 1027/30/15 1015/35/18
f 1016/31/14 1027/30/15 10/108/15
f 1025/28/12 1022/27/13 13/109/13
f 1013/2/2 1020/25/11 25/101/11
f 1023/20/9 1012/19/10 17/68/10
f 1/48/8 1014/17/8 1028/12/4
f 1030/15/6 1026/14/7 4/44/7
f 1028/12/4 1021/11/5 34/104/5
f 29/165/1 1019/3/1 1013/2/2
o oil
v 0.000000 1.964560 -0.403674
v -0.124742 1.964560 -0.383917
v -0.237274 1.964560 -0.326579
v -0.326579 1.964560 -0.237274
v -0.383917 1.964560 -0.124742
v -0.403674 1.964560 0.000000
v -0.383917 1.964560 0.124742
v -0.326579 1.964560 0.237274
v -0.237274 1.964560 0.326579
v -0.124742 1.964560 0.383917
v 0.000000 1.964560 0.403674
v 0.124742 1.964560 0.383917
v 0.237274 1.964560 0.326579
v 0.326579 1.964560 0.237274
v 0.383917 1.964560 0.124742
v 0.403674 1.964560 0.000000
v 0.383917 1.964560 -0.124742
v 0.326579 1.964560 -0.237274
v 0.237274 1.964560 -0.326579
v 0.124742 1.964560 -0.383917
v -0.124742 -0.297111 -0.383917
v -0.000000 -0.297111 -0.403674
v -0.237274 -0.297111 -0.326579
v -0.326579 -0.297111 -0.237274
v -0.383917 -0.297111 -0.124742
v -0.403674 -0.297111 0.000000
v -0.383917 -0.297111 0.124742
v -0.326579 -0.297111 0.237274
v -0.237274 -0.297111 0.326579
v -0.124742 -0.297111 0.383917
v -0.000000 -0.297111 0.403674
v 0.124742 -0.297111 0.383917
v 0.237274 -0.297111 0.326579
v 0.326579 -0.297111 0.237274
v 0.383917 -0.297111 0.124742
v 0.403674 -0.297111 0.000000
v 0.383917 -0.297111 -0.124742
v 0.326579 -0.297111 -0.237274
v 0.237274 -0.297111 -0.326579
v 0.124742 -0.297111 -0.383917
vn -0.0000 1.0000 -0.0000
vn -0.0000 -1.0000 -0.0000
vn -0.8090 -0.0000 0.5878
vn -0.9511 -0.0000 0.3090
vn 0.9511 -0.0000 0.3090
vn 1.0000 -0.0000 -0.0000
vn -0.5878 -0.0000 0.8090
vn -0.0000 -0.0000 -1.0000
vn -0.3090 -0.0000 -0.9511
vn 0.9511 -0.0000 -0.3090
vn -0.3090 -0.0000 0.9511
vn -0.5878 -0.0000 -0.8090
vn 0.8090 -0.0000 -0.5878
vn -0.0000 -0.0000 1.0000
vn -0.8090 -0.0000 -0.5878
vn 0.5878 -0.0000 -0.8090
vn 0.3090 -0.0000 0.9511
vn -0.9511 -0.0000 -0.3090
vn 0.3090 -0.0000 -0.9511
vn 0.5878 -0.0000 0.8090
vn -1.0000 -0.0000 -0.0000
vn 0.8090 -0.0000 0.5878
vt 0.000000 0.000000
s 1
usemtl oil.001
f 1100/496/473 1108/496/473 1092/496/473
f 1126/496/474 1118/496/474 1114/496/474
f 1099/496/475 1118/496/476 1119/496/475
f 1106/496/477 1127/496/478 1107/496/478
f 1100/496/479 1119/496/475 1120/496/479
f 1092/496/480 1112/496/481 1093/496/481
f 1107/496/478 1128/496/482 1108/496/482
f 1100/496/479 1121/496/483 1101/496/483
f 1093/496/481 1114/496/484 1094/496/484
f 1108/496/482 1129/496/485 1109/496/485
f 1101/496/483 1122/496/486 1102/496/486
f 1094/496/484 1115/496/487 1095/496/487
f 1109/496/485 1130/496/488 1110/496/488
f 1102/496/486 1123/496/489 1103/496/489
f 1096/496/490 1115/496/487 1116/496/490
f 1111/496/491 1130/496/488 1131/496/491
f 1103/496/489 1124/496/492 1104/496/492
f 1096/496/490 1117/496/493 1097/496/493
f 1111/496/491 1113/496/480 1092/496/480
f 1104/496/492 1125/496/494 1105/496/494
f 1097/496/493 1118/496/476 1098/496/476
f 1106/496/477 1125/496/494 1126/496/477
f 1092/496/473 1093/496/473 1094/496/473
f 1094/496/473 1095/496/473 1096/496/473
f 1096/496/473 1097/496/473 1098/496/473
f 1098/496/473 1099/496/473 1100/496/473
f 1100/496/473 1101/496/473 1102/496/473
f 1102/496/473 1103/496/473 1104/496/473
f 1104/496/473 1105/496/473 1106/496/473
f 1106/496/473 1107/496/473 1108/496/473
f 1108/496/473 1109/496/473 1110/496/473
f 1110/496/473 1111/496/473 1092/496/473
f 1092/496/473 1094/496/473 1096/496/473
f 1096/496/473 1098/496/473 1100/496/473
f 1100/496/473 1102/496/473 1104/496/473
f 1104/496/473 1106/496/473 1108/496/473
f 1108/496/473 1110/496/473 1092/496/473
f 1092/496/473 1096/496/473 1100/496/473
f 1100/496/473 1104/496/473 1108/496/473
f 1114/496/474 1112/496/474 1113/496/474
f 1113/496/474 1131/496/474 1130/496/474
f 1130/496/474 1129/496/474 1128/496/474
f 1128/496/474 1127/496/474 1126/496/474
f 1126/496/474 1125/496/474 1124/496/474
f 1124/496/474 1123/496/474 1122/496/474
f 1122/496/474 1121/496/474 1120/496/474
f 1120/496/474 1119/496/474 1118/496/474
f 1118/496/474 1117/496/474 1116/496/474
f 1116/496/474 1115/496/474 1114/496/474
f 1114/496/474 1113/496/474 1130/496/474
f 1130/496/474 1128/496/474 1126/496/474
f 1126/496/474 1124/496/474 1122/496/474
f 1122/496/474 1120/496/474 1118/496/474
f 1118/496/474 1116/496/474 1114/496/474
f 1114/496/474 1130/496/474 1126/496/474
f 1126/496/474 1122/496/474 1118/496/474
f 1099/496/475 1098/496/476 1118/496/476
f 1106/496/477 1126/496/477 1127/496/478
f 1100/496/479 1099/496/475 1119/496/475
f 1092/496/480 1113/496/480 1112/496/481
f 1107/496/478 1127/496/478 1128/496/482
f 1100/496/479 1120/496/479 1121/496/483
f 1093/496/481 1112/496/481 1114/496/484
f 1108/496/482 1128/496/482 1129/496/485
f 1101/496/483 1121/496/483 1122/496/486
f 1094/496/484 1114/496/484 1115/496/487
f 1109/496/485 1129/496/485 1130/496/488
f 1102/496/486 1122/496/486 1123/496/489
f 1096/496/490 1095/496/487 1115/496/487
f 1111/496/491 1110/496/488 1130/496/488
f 1103/496/489 1123/496/489 1124/496/492
f 1096/496/490 1116/496/490 1117/496/493
f 1111/496/491 1131/496/491 1113/496/480
f 1104/496/492 1124/496/492 1125/496/494
f 1097/496/493 1117/496/493 1118/496/476
f 1106/496/477 1105/496/494 1125/496/494
o body
v -0.000000 -5.664445 -0.473849
v -0.000000 -1.065251 -0.473849
v 0.091938 -5.664445 -0.464744
v 0.091938 -1.065251 -0.464744
v 0.180343 -5.664445 -0.437779
v 0.180343 -1.065251 -0.437779
v 0.261817 -5.664445 -0.393991
v 0.261817 -1.065251 -0.393991
v 0.333230 -5.664445 -0.335062
v 0.333230 -1.065251 -0.335062
v 0.391837 -5.664445 -0.263256
v 0.391837 -1.065251 -0.263256
v 0.435385 -5.664445 -0.181334
v 0.435385 -1.065251 -0.181334
v 0.462203 -5.664445 -0.092443
v 0.462203 -1.065251 -0.092443
v 0.471258 -5.664445 0.000000
v 0.471258 -1.065251 0.000000
v 0.462203 -5.664445 0.092443
v 0.462203 -1.065251 0.092443
v 0.435385 -5.664445 0.181334
v 0.435385 -1.065251 0.181334
v 0.391837 -5.664445 0.263256
v 0.391837 -1.065251 0.263256
v 0.333230 -5.664445 0.335062
v 0.333230 -1.065251 0.335062
v 0.261817 -5.664445 0.393991
v 0.261817 -1.065251 0.393991
v 0.180343 -5.664445 0.437779
v 0.180343 -1.065251 0.437779
v 0.091938 -5.664445 0.464744
v 0.091938 -1.065251 0.464744
v -0.000000 -5.664445 0.473849
v -0.000000 -1.065251 0.473849
v -0.091938 -5.664445 0.464744
v -0.091938 -1.065251 0.464744
v -0.180343 -5.664445 0.437779
v -0.180343 -1.065251 0.437779
v -0.261817 -5.664445 0.393991
v -0.261817 -1.065251 0.393991
v -0.333230 -5.664445 0.335062
v -0.333230 -1.065251 0.335062
v -0.391837 -5.664445 0.263256
v -0.391837 -1.065251 0.263256
v -0.435385 -5.664445 0.181334
v -0.435385 -1.065251 0.181334
v -0.462203 -5.664445 0.092443
v -0.462203 -1.065251 0.092443
v -0.471258 -5.664445 0.000000
v -0.471258 -1.065251 0.000000
v -0.462203 -5.664445 -0.092443
v -0.462203 -1.065251 -0.092443
v -0.435385 -5.664445 -0.181334
v -0.435385 -1.065251 -0.181334
v -0.391837 -5.664445 -0.263256
v -0.391837 -1.065251 -0.263256
v -0.333230 -5.664445 -0.335062
v -0.333230 -1.065251 -0.335062
v -0.261817 -5.664445 -0.393991
v -0.261817 -1.065251 -0.393991
v -0.180343 -5.664445 -0.437779
v -0.180343 -1.065251 -0.437779
v -0.091938 -5.664445 -0.464744
v -0.091938 -1.065251 -0.464744
vn -0.0000 -0.6856 -0.7280
vn -0.0000 0.6856 -0.7280
vn 0.1428 -0.6856 -0.7139
vn 0.1428 0.6856 -0.7138
vn 0.2799 -0.6856 -0.6720
vn 0.2799 0.6856 -0.6720
vn 0.4059 -0.6856 -0.6043
vn 0.4059 0.6857 -0.6042
vn 0.5161 -0.6857 -0.5133
vn 0.5161 0.6857 -0.5133
vn 0.6062 -0.6857 -0.4029
vn 0.6062 0.6857 -0.4029
vn 0.6729 -0.6858 -0.2772
vn 0.6730 0.6858 -0.2773
vn 0.7140 -0.6858 -0.1413
vn 0.7139 0.6858 -0.1413
vn 0.7278 -0.6858 -0.0000
vn 0.7278 0.6858 -0.0000
vn 0.7140 -0.6858 0.1413
vn 0.7140 0.6858 0.1413
vn 0.6729 -0.6858 0.2772
vn 0.6730 0.6858 0.2773
vn 0.6062 -0.6857 0.4029
vn 0.6062 0.6857 0.4029
vn 0.5161 -0.6857 0.5133
vn 0.5161 0.6857 0.5133
vn 0.4059 -0.6856 0.6042
vn 0.4059 0.6857 0.6042
vn 0.2799 -0.6856 0.6720
vn 0.2799 0.6856 0.6720
vn 0.1428 -0.6856 0.7139
vn 0.1428 0.6856 0.7138
vn -0.0000 -0.6856 0.7280
vn -0.0000 0.6856 0.7280
vn -0.1428 -0.6856 0.7139
vn -0.1428 0.6856 0.7139
vn -0.2799 -0.6856 0.6720
vn -0.2799 0.6856 0.6720
vn -0.4059 -0.6856 0.6043
vn -0.4059 0.6857 0.6042
vn -0.5161 -0.6857 0.5133
vn -0.5161 0.6857 0.5133
vn -0.6062 -0.6857 0.4029
vn -0.6062 0.6857 0.4029
vn -0.6729 -0.6858 0.2772
vn -0.6729 0.6858 0.2772
vn -0.7140 -0.6858 0.1413
vn -0.7140 0.6858 0.1413
vn -0.7278 -0.6858 -0.0000
vn -0.7278 0.6858 -0.0000
vn -0.7140 -0.6858 -0.1413
vn -0.7139 0.6858 -0.1413
vn -0.6729 -0.6858 -0.2772
vn -0.6730 0.6858 -0.2773
vn -0.6062 -0.6857 -0.4029
vn -0.6062 0.6857 -0.4029
vn -0.5161 -0.6857 -0.5133
vn -0.5161 0.6857 -0.5133
vn -0.4059 -0.6856 -0.6042
vn -0.4059 0.6857 -0.6042
vn -0.2799 -0.6856 -0.6720
vn -0.2799 0.6856 -0.6720
vn -0.1428 -0.6856 -0.7139
vn -0.1428 0.6856 -0.7139
vt 1.000000 1.000000
vt 0.968750 0.500000
vt 1.000000 0.500000
vt 0.968750 1.000000
vt 0.937500 0.500000
vt 0.937500 1.000000
vt 0.906250 0.500000
vt 0.906250 1.000000
vt 0.875000 0.500000
vt 0.875000 1.000000
vt 0.843750 0.500000
vt 0.843750 1.000000
vt 0.812500 0.500000
vt 0.812500 1.000000
vt 0.781250 0.500000
vt 0.781250 1.000000
vt 0.750000 0.500000
vt 0.750000 1.000000
vt 0.718750 0.500000
vt 0.718750 1.000000
vt 0.687500 0.500000
vt 0.687500 1.000000
vt 0.656250 0.500000
vt 0.656250 1.000000
vt 0.625000 0.500000
vt 0.625000 1.000000
vt 0.593750 0.500000
vt 0.593750 1.000000
vt 0.562500 0.500000
vt 0.562500 1.000000
vt 0.531250 0.500000
vt 0.531250 1.000000
vt 0.500000 0.500000
vt 0.500000 1.000000
vt 0.468750 0.500000
vt 0.468750 1.000000
vt 0.437500 0.500000
vt 0.437500 1.000000
vt 0.406250 0.500000
vt 0.406250 1.000000
vt 0.375000 0.500000
vt 0.375000 1.000000
vt 0.343750 0.500000
vt 0.343750 1.000000
vt 0.312500 0.500000
vt 0.312500 1.000000
vt 0.281250 0.500000
vt 0.281250 1.000000
vt 0.250000 0.500000
vt 0.250000 1.000000
vt 0.218750 0.500000
vt 0.218750 1.000000
vt 0.187500 0.500000
vt 0.187500 1.000000
vt 0.156250 0.500000
vt 0.156250 1.000000
vt 0.125000 0.500000
vt 0.125000 1.000000
vt 0.093750 0.500000
vt 0.093750 1.000000
vt 0.062500 0.500000
vt 0.158156 0.028269
vt 0.471731 0.158156
vt 0.341844 0.471731
vt 0.062500 1.000000
vt 0.031250 0.500000
vt 0.031250 1.000000
vt 0.000000 0.500000
vt 0.796822 0.014612
vt 0.514612 0.203178
vt 0.703178 0.485388
vt 0.296822 0.485388
vt 0.250000 0.490000
vt 0.203178 0.485388
vt 0.158156 0.471731
vt 0.116663 0.449553
vt 0.080294 0.419706
vt 0.050447 0.383337
vt 0.028269 0.341844
vt 0.014612 0.296822
vt 0.010000 0.250000
vt 0.014612 0.203178
vt 0.028269 0.158156
vt 0.050447 0.116663
vt 0.080294 0.080294
vt 0.116663 0.050447
vt 0.203178 0.014612
vt 0.341844 0.028269
vt 0.250000 0.010000
vt 0.296822 0.014612
vt 0.383337 0.050447
vt 0.419706 0.080294
vt 0.449553 0.116663
vt 0.485388 0.203178
vt 0.471731 0.341844
vt 0.490000 0.250000
vt 0.485388 0.296822
vt 0.449553 0.383337
vt 0.419706 0.419706
vt 0.383337 0.449553
vt 0.750000 0.490000
vt 0.796822 0.485388
vt 0.841844 0.471731
vt 0.883337 0.449553
vt 0.919706 0.419706
vt 0.949553 0.383337
vt 0.971731 0.341844
vt 0.985388 0.296822
vt 0.990000 0.250000
vt 0.985388 0.203178
vt 0.971731 0.158156
vt 0.949553 0.116663
vt 0.919706 0.080294
vt 0.883337 0.050447
vt 0.841844 0.028269
vt 0.750000 0.010000
vt 0.703178 0.014612
vt 0.658156 0.028269
vt 0.616663 0.050447
vt 0.580294 0.080294
vt 0.550447 0.116663
vt 0.528269 0.158156
vt 0.510000 0.250000
vt 0.514612 0.296822
vt 0.528269 0.341844
vt 0.550447 0.383337
vt 0.580294 0.419706
vt 0.616663 0.449553
vt 0.658156 0.471731
vt 0.000000 1.000000
s 1
usemtl body
f 1133/497/496 1134/498/497 1132/499/495
f 1135/500/498 1136/501/499 1134/498/497
f 1137/502/500 1138/503/501 1136/501/499
f 1139/504/502 1140/505/503 1138/503/501
f 1141/506/504 1142/507/505 1140/505/503
f 1143/508/506 1144/509/507 1142/507/505
f 1145/510/508 1146/511/509 1144/509/507
f 1147/512/510 1148/513/511 1146/511/509
f 1149/514/512 1150/515/513 1148/513/511
f 1151/516/514 1152/517/515 1150/515/513
f 1153/518/516 1154/519/517 1152/517/515
f 1155/520/518 1156/521/519 1154/519/517
f 1157/522/520 1158/523/521 1156/521/519
f 1159/524/522 1160/525/523 1158/523/521
f 1161/526/524 1162/527/525 1160/525/523
f 1163/528/526 1164/529/527 1162/527/525
f 1165/530/528 1166/531/529 1164/529/527
f 1167/532/530 1168/533/531 1166/531/529
f 1169/534/532 1170/535/533 1168/533/531
f 1171/536/534 1172/537/535 1170/535/533
f 1173/538/536 1174/539/537 1172/537/535
f 1175/540/538 1176/541/539 1174/539/537
f 1177/542/540 1178/543/541 1176/541/539
f 1179/544/542 1180/545/543 1178/543/541
f 1181/546/544 1182/547/545 1180/545/543
f 1183/548/546 1184/549/547 1182/547/545
f 1185/550/548 1186/551/549 1184/549/547
f 1187/552/550 1188/553/551 1186/551/549
f 1189/554/552 1190/555/553 1188/553/551
f 1191/556/554 1192/557/555 1190/555/553
f 1169/558/532 1153/559/516 1137/560/500
f 1193/561/556 1194/562/557 1192/557/555
f 1195/563/558 1132/564/495 1194/562/557
f 1162/565/525 1178/566/541 1194/567/557
f 1161/526/524 1163/528/526 1162/527/525
f 1163/528/526 1165/530/528 1164/529/527
f 1165/530/528 1167/532/530 1166/531/529
f 1167/532/530 1169/534/532 1168/533/531
f 1169/534/532 1171/536/534 1170/535/533
f 1171/536/534 1173/538/536 1172/537/535
f 1173/538/536 1175/540/538 1174/539/537
f 1175/540/538 1177/542/540 1176/541/539
f 1177/542/540 1179/544/542 1178/543/541
f 1179/544/542 1181/546/544 1180/545/543
f 1181/546/544 1183/548/546 1182/547/545
f 1183/548/546 1185/550/548 1184/549/547
f 1185/550/548 1187/552/550 1186/551/549
f 1187/552/550 1189/554/552 1188/553/551
f 1189/554/552 1191/556/554 1190/555/553
f 1191/556/554 1193/561/556 1192/557/555
f 1137/560/500 1135/568/498 1133/569/496
f 1133/569/496 1195/570/558 1137/560/500
f 1195/570/558 1193/571/556 1137/560/500
f 1193/571/556 1191/572/554 1189/573/552
f 1189/573/552 1187/574/550 1185/575/548
f 1185/575/548 1183/576/546 1181/577/544
f 1181/577/544 1179/578/542 1185/575/548
f 1179/578/542 1177/579/540 1185/575/548
f 1177/579/540 1175/580/538 1173/581/536
f 1173/581/536 1171/582/534 1169/558/532
f 1169/558/532 1167/583/530 1161/584/524
f 1167/583/530 1165/585/528 1161/584/524
f 1165/585/528 1163/586/526 1161/584/524
f 1161/584/524 1159/587/522 1157/588/520
f 1157/588/520 1155/589/518 1153/559/516
f 1153/559/516 1151/590/514 1145/591/508
f 1151/590/514 1149/592/512 1145/591/508
f 1149/592/512 1147/593/510 1145/591/508
f 1145/591/508 1143/594/506 1141/595/504
f 1141/595/504 1139/596/502 1137/560/500
f 1193/571/556 1189/573/552 1137/560/500
f 1189/573/552 1185/575/548 1137/560/500
f 1177/579/540 1173/581/536 1185/575/548
f 1173/581/536 1169/558/532 1185/575/548
f 1161/584/524 1157/588/520 1169/558/532
f 1157/588/520 1153/559/516 1169/558/532
f 1145/591/508 1141/595/504 1153/559/516
f 1141/595/504 1137/560/500 1153/559/516
f 1137/560/500 1185/575/548 1169/558/532
f 1194/567/557 1132/597/495 1134/598/497
f 1134/598/497 1136/599/499 1138/600/501
f 1138/600/501 1140/601/503 1142/602/505
f 1142/602/505 1144/603/507 1146/604/509
f 1146/604/509 1148/605/511 1150/606/513
f 1150/606/513 1152/607/515 1154/608/517
f 1154/608/517 1156/609/519 1158/610/521
f 1158/610/521 1160/611/523 1162/565/525
f 1162/565/525 1164/612/527 1166/613/529
f 1166/613/529 1168/614/531 1170/615/533
f 1170/615/533 1172/616/535 1174/617/537
f 1174/617/537 1176/618/539 1178/566/541
f 1178/566/541 1180/619/543 1182/620/545
f 1182/620/545 1184/621/547 1186/622/549
f 1186/622/549 1188/623/551 1190/624/553
f 1190/624/553 1192/625/555 1194/567/557
f 1194/567/557 1134/598/497 1146/604/509
f 1134/598/497 1138/600/501 1146/604/509
f 1138/600/501 1142/602/505 1146/604/509
f 1146/604/509 1150/606/513 1162/565/525
f 1150/606/513 1154/608/517 1162/565/525
f 1154/608/517 1158/610/521 1162/565/525
f 1162/565/525 1166/613/529 1178/566/541
f 1166/613/529 1170/615/533 1178/566/541
f 1170/615/533 1174/617/537 1178/566/541
f 1178/566/541 1182/620/545 1194/567/557
f 1182/620/545 1186/622/549 1194/567/557
f 1186/622/549 1190/624/553 1194/567/557
f 1194/567/557 1146/604/509 1162/565/525
f 1133/497/496 1135/500/498 1134/498/497
f 1135/500/498 1137/502/500 1136/501/499
f 1137/502/500 1139/504/502 1138/503/501
f 1139/504/502 1141/506/504 1140/505/503
f 1141/506/504 1143/508/506 1142/507/505
f 1143/508/506 1145/510/508 1144/509/507
f 1145/510/508 1147/512/510 1146/511/509
f 1147/512/510 1149/514/512 1148/513/511
f 1149/514/512 1151/516/514 1150/515/513
f 1151/516/514 1153/518/516 1152/517/515
f 1153/518/516 1155/520/518 1154/519/517
f 1155/520/518 1157/522/520 1156/521/519
f 1157/522/520 1159/524/522 1158/523/521
f 1159/524/522 1161/526/524 1160/525/523
f 1193/561/556 1195/563/558 1194/562/557
f 1195/563/558 1133/626/496 1132/564/495
