# Blender 5.2.2 LTS
# www.blender.org
mtllib salvia_plant_harvestable.mtl
o Circle
v 0.000000 0.000000 -1.000000
v -0.781831 0.000000 -0.623490
v -0.974928 0.000000 0.222521
v -0.433884 0.000000 0.900969
v 0.433884 0.000000 0.900969
v 0.974928 0.000000 0.222521
v 0.781831 0.000000 -0.623490
v 0.000000 51.284634 -0.383349
v -0.299714 51.284634 -0.239014
v -0.373738 51.284634 0.085303
v -0.166329 51.284634 0.345386
v 0.166329 51.284634 0.345386
v 0.373738 51.284634 0.085303
v 0.299714 51.284634 -0.239014
vn -0.0000 -1.0000 -0.0000
vn -0.0000 1.0000 -0.0000
vn -0.7818 0.0108 0.6235
vn -0.4339 0.0108 -0.9009
vn -0.9749 0.0108 -0.2225
vn 0.7818 0.0108 0.6235
vn 0.9749 0.0108 -0.2225
vn -0.0000 0.0108 0.9999
vn 0.4339 0.0108 -0.9009
vt 0.000000 0.000000
s 0
usemtl slavia_stem
f 2/1/1 1/1/1 7/1/1 6/1/1 5/1/1 4/1/1 3/1/1
f 9/1/2 10/1/2 11/1/2 12/1/2 13/1/2 14/1/2 8/1/2
f 11/1/3 10/1/3 3/1/3 4/1/3
f 9/1/4 8/1/4 1/1/4 2/1/4
f 3/1/5 10/1/5 9/1/5 2/1/5
f 13/1/6 12/1/6 5/1/6 6/1/6
f 7/1/7 14/1/7 13/1/7 6/1/7
f 5/1/8 12/1/8 11/1/8 4/1/8
f 1/1/9 8/1/9 14/1/9 7/1/9
o Plane.013
v -1.909989 0.609284 1.225172
v -0.044945 0.609284 -0.068654
v -0.220685 0.609284 -0.321982
v -4.388270 0.609284 0.768754
v -2.891993 0.609284 4.818230
v -8.510344 0.609284 1.799537
v -9.553682 0.609284 10.157002
v -14.134521 0.609284 7.272537
v -13.767407 0.609284 9.959957
v -14.441496 0.609284 8.988262
v 2.192095 0.910474 0.402037
v -0.039432 0.910474 0.143951
v -0.074488 0.910474 0.447059
v 3.734944 0.910474 2.361399
v 5.270769 0.910474 -1.625420
v 7.471368 0.910474 4.290528
v 13.710512 0.910474 -1.236566
v 15.228043 0.910474 3.901347
v 16.712292 0.910474 1.664703
v 16.577827 0.910474 2.827336
v -1.393719 1.227401 -1.668295
v 0.095470 1.227401 -0.017609
v 0.319682 1.227401 -0.219885
v -1.258983 1.227401 -4.132705
v -5.006556 1.227401 -2.174781
v -2.773738 1.227401 -8.008779
v -11.022669 1.227401 -7.981465
v -8.791031 1.227401 -12.790838
v -11.356045 1.227401 -12.099494
v -10.496032 1.227401 -12.875368
v -0.083177 1.560889 2.214220
v -0.110382 1.560889 0.014226
v -0.409206 1.560889 0.017921
v -1.794477 1.560889 3.957074
v 2.269861 1.560889 4.952537
v -3.203204 1.560889 7.827144
v 2.943231 1.560889 13.199885
v -1.859071 1.560889 15.314017
v 0.498605 1.560889 16.477348
v -0.647600 1.560889 16.491524
v 1.481483 1.911802 -1.527124
v 0.063370 1.911802 0.125157
v 0.287799 1.911802 0.317779
v 3.892353 1.911802 -1.703162
v 1.523556 1.911802 -5.099950
v 7.469170 1.911802 -3.657440
v 6.415270 1.911802 -11.667591
v 11.365353 1.911802 -10.098617
v 10.374276 1.911802 -12.504335
v 11.235121 1.911802 -11.765492
v -2.127025 2.281052 0.229570
v 0.006806 2.281052 -0.070857
v -0.034001 2.281052 -0.360694
v -4.033282 2.281052 -1.215834
v -4.494145 2.281052 2.856510
v -7.968372 2.281052 -2.102366
v -12.422296 2.281052 4.537833
v -15.074205 2.281052 0.135864
v -15.910706 2.281052 2.571154
v -16.067228 2.281052 1.459420
v 1.702433 2.669595 1.283619
v -0.079321 2.669595 0.111754
v -0.238494 2.669595 0.353768
v 2.173710 2.669595 3.603771
v 5.178551 2.669595 0.879512
v 4.517699 2.669595 6.835129
v 12.168028 2.669595 4.813677
v 11.260332 2.669595 9.817920
v 13.473970 2.669595 8.555503
v 12.863424 2.669595 9.483804
v -0.453557 3.078440 -2.003136
v 0.104055 3.078440 0.032391
v 0.380540 3.078440 -0.043350
v 0.713188 3.078440 -4.035017
v -3.300352 3.078440 -3.975540
v 1.084327 3.078440 -7.968235
v -5.921112 3.078440 -11.468064
v -1.975033 3.078440 -14.592546
v -4.445017 3.078440 -15.101875
v -3.384500 3.078440 -15.392394
v -1.000589 3.508649 1.848327
v -0.084071 3.508649 -0.028535
v -0.339004 3.508649 -0.153025
v -3.195842 3.508649 2.595120
v -0.175080 3.508649 5.174927
v -6.043063 3.508649 5.274674
v -3.126482 3.508649 12.454945
v -8.100979 3.508649 12.196403
v -6.598886 3.508649 14.189649
v -7.576738 3.508649 13.712140
v 1.923862 3.961337 -0.655492
v 0.015866 3.961337 0.139724
v 0.123880 3.961337 0.398887
v 4.043077 3.961337 0.224900
v 3.485430 3.961337 -3.666709
v 7.910286 3.961337 0.095586
v 10.437758 3.961337 -7.145844
v 13.964550 3.961337 -3.701503
v 14.151721 3.961337 -6.164442
v 14.566032 3.961337 -5.170368
v -1.885832 4.437679 -0.707233
v 0.051623 4.437679 -0.050622
v 0.140810 4.437679 -0.313785
v -2.884724 4.437679 -2.746837
v -5.014696 4.437679 0.509032
v -5.842426 4.437679 -5.179088
v -12.454565 4.437679 -1.451463
v -12.822948 4.437679 -6.316216
v -14.572241 4.437679 -4.608736
v -14.230145 4.437679 -5.618158
v 0.910769 4.938910 1.821932
v -0.099388 4.938910 0.067419
v -0.337703 4.938910 0.204628
v 0.319436 4.938910 3.990324
v 4.030548 4.938910 2.963909
v 0.926702 4.938910 7.731080
v 8.276286 4.938910 9.284547
v 5.369472 4.938910 13.139680
v 7.785442 4.938910 13.014762
v 6.871334 4.938910 13.541057
v 0.486555 5.466332 -1.885499
v 0.089980 5.466332 0.078449
v 0.356742 5.466332 0.132316
v 2.343552 5.466332 -3.109910
v -1.084690 5.466332 -4.773602
v 4.338033 5.466332 -6.286141
v -0.106735 5.466332 -12.245349
v 4.573323 5.466332 -13.209102
v 2.696699 5.466332 -14.695821
v 3.719923 5.466332 -14.489205
v -1.622139 6.021313 1.146297
v -0.043501 6.021313 -0.053552
v -0.206476 6.021313 -0.267977
v -3.802306 6.021313 0.841900
v -2.342978 6.021313 4.319283
v -7.360688 6.021313 1.897730
v -7.954474 6.021313 9.231076
v -12.061631 6.021313 6.887344
v -11.639380 6.021313 9.218819
v -12.264507 6.021313 8.396341
v 1.926668 6.605293 0.272445
v -0.030631 6.605293 0.131787
v -0.049737 6.605293 0.397646
v 3.347422 6.605293 1.923960
v 4.536671 6.605293 -1.613663
v 6.681424 6.605293 3.465946
v 11.917015 6.605293 -1.594185
v 13.436147 6.605293 2.832302
v 14.646719 6.605293 0.824062
v 14.573437 6.605293 1.843823
v -1.281245 7.219788 -1.398483
v 0.080979 7.219788 -0.014325
v 0.268988 7.219788 -0.199355
v -1.257062 7.219788 -3.554350
v -4.453468 7.219788 -1.703572
v -2.725945 7.219788 -6.879699
v -9.923990 7.219788 -6.543209
v -8.158660 7.219788 -10.825070
v -10.371018 7.219788 -10.124496
v -9.649867 7.219788 -10.834219
v 0.009659 7.866390 1.940228
v -0.097468 7.866390 0.021260
v -0.358121 7.866390 0.035811
v -1.417783 7.866390 3.526129
v 2.167012 7.866390 4.240849
v -2.500536 7.866390 6.957044
v 3.067274 7.866390 11.413026
v -1.043705 7.866390 13.440107
v 1.058001 7.866390 14.366019
v 0.058212 7.866390 14.421834
v 1.233378 8.546780 -1.384255
v 0.058375 8.546780 0.111488
v 0.261541 8.546780 0.271088
v 3.330741 8.546780 -1.629266
v 1.134677 8.546780 -4.503958
v 6.378260 8.546780 -3.470390
v 5.154889 8.546780 -10.421134
v 9.534435 8.546780 -9.239463
v 8.578313 8.546780 -11.301438
v 9.357600 8.546780 -10.689258
v -1.849288 9.262720 0.285633
v 0.001580 9.262720 -0.057435
v -0.045019 9.262720 -0.308838
v -3.567717 9.262720 -0.903561
v -3.815576 9.262720 2.667958
v -7.035585 9.262720 -1.528116
v -10.670975 9.262720 4.435791
v -13.152216 9.262720 0.694579
v -13.789951 9.262720 2.851632
v -13.968690 9.262720 1.887323
v 1.532740 10.016071 1.060386
v -0.066663 10.016071 0.105198
v -0.196406 10.016071 0.322445
v 2.031976 10.016071 3.067387
v 4.551132 10.016071 0.575959
v 4.200118 10.016071 5.798645
v 10.800161 10.016071 3.744502
v 10.197660 10.016071 8.146251
v 12.081720 10.016071 6.960601
v 11.584063 10.016071 7.793895
v -0.473429 10.808784 -1.726342
v 0.090366 10.808784 0.028986
v 0.328791 10.808784 -0.047594
v 0.467810 10.808784 -3.543845
v -3.032667 10.808784 -3.339816
v 0.642637 10.808784 -6.990544
v -5.603863 10.808784 -9.779425
v -2.278430 10.808784 -12.655812
v -4.453360 10.808784 -13.006701
v -3.538828 10.808784 -13.300443
v -0.804861 11.642921 1.655674
v -0.076126 11.642921 -0.017055
v -0.303332 11.642921 -0.116039
v -2.692416 11.642921 2.390626
v 0.041670 11.642921 4.527604
v -5.075706 11.642921 4.837066
v -2.258174 11.642921 10.992948
v -6.609360 11.642921 10.955855
v -5.222893 11.642921 12.638487
v -6.094391 11.642921 12.258815
v 1.652491 12.520641 -0.640324
v 0.017469 12.520641 0.126001
v 0.121558 12.520641 0.348086
v 3.535360 12.520641 0.047697
v 2.901185 12.520641 -3.327486
v 6.905483 12.520641 -0.211734
v 8.836814 12.520641 -6.627335
v 12.045293 12.520641 -3.755032
v 12.115293 12.520641 -5.911603
v 12.514551 12.520641 -5.059750
v -1.674299 13.444225 -0.541084
v 0.041460 13.444225 -0.041474
v 0.109322 13.444225 -0.274525
v -2.623365 13.444225 -2.283244
v -4.358849 13.444225 0.638976
v -5.296825 13.444225 -4.293837
v -10.926142 13.444225 -0.790017
v -11.432026 13.444225 -5.021665
v -12.893967 13.444225 -3.465196
v -12.633667 13.444225 -4.359112
v 0.862235 14.416067 1.560194
v -0.085857 14.416067 0.067267
v -0.288641 14.416067 0.196046
v 0.428348 14.416067 3.475024
v 3.628239 14.416067 2.438583
v 1.100110 14.416067 6.716672
v 7.573182 14.416067 7.793862
v 5.182439 14.416067 11.268522
v 7.286191 14.416067 11.067932
v 6.508370 14.416067 11.561892
v 0.351492 15.438690 -1.659309
v 0.079827 15.438690 0.069716
v 0.314680 15.438690 0.106616
v 1.925739 15.438690 -2.798272
v -1.129243 15.438690 -4.120286
v 3.545994 15.438690 -5.645854
v -0.558950 15.438690 -10.678161
v 3.488944 15.438690 -11.696639
v 1.794810 15.438690 -12.923013
v 2.695639 15.438690 -12.781475
v -1.373914 16.514750 1.066550
v -0.041668 16.514750 -0.040426
v -0.192028 16.514750 -0.221384
v -3.288145 16.514750 0.883527
v -1.882748 16.514750 3.863027
v -6.353629 16.514750 1.939851
v -6.593894 16.514750 8.362376
v -10.267159 16.514750 6.472604
v -9.810282 16.514750 8.491345
v -10.387020 16.514750 7.797239
v 1.690111 17.647034 0.169408
v -0.023412 17.647034 0.120836
v -0.030009 17.647034 0.353583
v 2.992639 17.647034 1.556882
v 3.896448 17.647034 -1.575578
v 5.960763 17.647034 2.776252
v 10.338223 17.647034 -1.838308
v 11.831785 17.647034 1.967235
v 12.812170 17.647034 0.168704
v 12.786864 17.647034 1.061455
v -1.172858 18.838482 -1.167272
v 0.068456 18.838482 -0.010910
v 0.225524 18.838482 -0.179517
v -1.233465 18.838482 -3.049676
v -3.952911 18.838482 -1.313299
v -2.641438 18.838482 -5.896129
v -8.910624 18.838482 -5.329644
v -7.532263 18.838482 -9.133457
v -9.436498 18.838482 -8.438193
v -8.834028 18.838482 -9.084922
v 0.080294 20.092188 1.697588
v -0.085931 20.092188 0.026910
v -0.312859 20.092188 0.049488
v -1.105366 20.092188 3.135751
v 2.050276 20.092188 3.623637
v -1.920277 20.092188 6.171048
v 3.107801 20.092188 9.848880
v -0.403137 20.092188 11.773786
v 1.466177 20.092188 12.502198
v 0.595747 20.092188 12.588801
v 1.022264 21.411402 -1.250165
v 0.053497 21.411402 0.099748
v 0.236855 21.411402 0.231335
v 2.843406 21.411402 -1.543487
v 0.817882 21.411402 -3.969078
v 5.433280 21.411402 -3.265796
v 4.102163 21.411402 -9.285541
v 7.969105 21.411402 -8.420258
v 7.056516 21.411402 -10.183564
v 7.759826 21.411402 -9.678832
v -1.604775 22.799545 0.324033
v -0.002472 22.799545 -0.045524
v -0.052668 22.799545 -0.263164
v -3.149570 22.799545 -0.648678
v -3.230515 22.799545 2.477683
v -6.199749 22.799545 -1.062304
v -9.146413 22.799545 4.280356
v -11.453663 22.799545 1.109338
v -11.928474 22.799545 3.016032
v -12.121016 22.799545 2.181225
v 1.376183 24.260227 0.871997
v -0.055866 24.260227 0.098998
v -0.160862 24.260227 0.293512
v 1.887950 24.260227 2.604642
v 3.992059 24.260227 0.334819
v 3.883670 24.260227 4.906111
v 9.565863 24.260227 2.863246
v 9.206877 24.260227 6.727614
v 10.806211 24.260227 5.621454
v 10.403475 24.260227 6.367557
v -0.480281 25.797232 -1.484023
v 0.078290 25.797232 0.026533
v 0.283468 25.797232 -0.049337
v 0.272278 25.797232 -3.105885
v -2.774956 25.797232 -2.795146
v 0.294217 25.797232 -6.120543
v -5.262986 25.797232 -8.317723
v -2.469809 25.797232 -10.954072
v -4.381232 25.797232 -11.177869
v -3.594226 25.797232 -11.468885
v -0.641345 27.414545 1.480122
v -0.068758 27.414545 -0.007338
v -0.270799 27.414545 -0.085112
v -2.260812 27.414545 2.193078
v 0.206299 27.414545 3.954452
v -4.248053 27.414545 4.418489
v -1.555790 27.414545 9.684114
v -5.354600 27.414545 9.816660
v -4.080815 27.414545 11.232590
v -4.855787 27.414545 10.934270
v 1.416233 29.116367 -0.616800
v 0.018347 29.116367 0.113964
v 0.117607 29.116367 0.303839
v 3.085543 29.116367 -0.087710
v 2.404154 29.116367 -3.009292
v 6.016913 29.116367 -0.441858
v 7.459275 29.116367 -6.114138
v 10.368275 29.116367 -3.729006
v 10.347627 29.116367 -5.613760
v 10.728357 29.116367 -4.885456
v -1.483391 30.907114 -0.404098
v 0.032938 30.907114 -0.033106
v 0.083330 30.907114 -0.239068
v -2.377700 30.907114 -1.888560
v -3.781547 30.907114 0.727524
v -4.787110 30.907114 -3.541932
v -9.567173 30.907114 -0.270684
v -10.169062 30.907114 -3.944588
v -11.385944 30.907114 -2.530803
v -11.192657 30.907114 -3.320816
v 0.809958 32.791428 1.333606
v -0.074054 32.791428 0.066622
v -0.246148 32.791428 0.186697
v 0.503870 32.791428 3.021179
v 3.257222 32.791428 1.995364
v 1.213000 32.791428 5.824797
v 6.903063 32.791428 6.519547
v 4.948292 32.791428 9.642597
v 6.776693 32.791428 9.387799
v 6.116590 32.791428 9.848374
v 0.242192 34.774204 -1.456787
v 0.070636 34.774204 0.062479
v 0.276998 34.774204 0.085781
v 1.572913 34.774204 -2.510460
v -1.143365 34.774204 -3.548429
v 2.879026 34.774204 -5.057039
v -0.894211 34.774204 -9.293288
v 2.599899 34.774204 -10.335568
v 1.074897 34.774204 -11.341649
v 1.866441 34.774204 -11.252268
v -1.160303 36.860588 0.987545
v -0.039571 36.860588 -0.029040
v -0.177653 36.860588 -0.181269
v -2.837845 36.860588 0.900369
v -1.498384 36.860588 3.447396
v -5.473143 36.860588 1.938442
v -5.439400 36.860588 7.552670
v -8.716793 36.860588 6.042638
v -8.241547 36.860588 7.787133
v -8.771192 36.860588 7.203228
vn -0.0000 1.0000 -0.0000
vt 1.000000 0.000000
vt 1.000000 1.000000
vt 0.000000 1.000000
vt 0.000000 0.000000
s 0
usemtl salvia_leaves
f 32/2/10 34/2/10 33/3/10 31/3/10 29/3/10 25/3/10 28/2/10 30/2/10
f 16/4/10 17/5/10 15/3/10
f 42/2/10 44/2/10 43/3/10 41/3/10 39/3/10 35/3/10 38/2/10 40/2/10
f 26/4/10 27/5/10 25/3/10
f 52/2/10 54/2/10 53/3/10 51/3/10 49/3/10 45/3/10 48/2/10 50/2/10
f 36/4/10 37/5/10 35/3/10
f 62/2/10 64/2/10 63/3/10 61/3/10 59/3/10 55/3/10 58/2/10 60/2/10
f 46/4/10 47/5/10 45/3/10
f 72/2/10 74/2/10 73/3/10 71/3/10 69/3/10 65/3/10 68/2/10 70/2/10
f 56/4/10 57/5/10 55/3/10
f 82/2/10 84/2/10 83/3/10 81/3/10 79/3/10 75/3/10 78/2/10 80/2/10
f 66/4/10 67/5/10 65/3/10
f 92/2/10 94/2/10 93/3/10 91/3/10 89/3/10 85/3/10 88/2/10 90/2/10
f 76/4/10 77/5/10 75/3/10
f 102/2/10 104/2/10 103/3/10 101/3/10 99/3/10 95/3/10 98/2/10 100/2/10
f 86/4/10 87/5/10 85/3/10
f 112/2/10 114/2/10 113/3/10 111/3/10 109/3/10 105/3/10 108/2/10 110/2/10
f 96/4/10 97/5/10 95/3/10
f 122/2/10 124/2/10 123/3/10 121/3/10 119/3/10 115/3/10 118/2/10 120/2/10
f 106/4/10 107/5/10 105/3/10
f 132/2/10 134/2/10 133/3/10 131/3/10 129/3/10 125/3/10 128/2/10 130/2/10
f 116/4/10 117/5/10 115/3/10
f 142/2/10 144/2/10 143/3/10 141/3/10 139/3/10 135/3/10 138/2/10 140/2/10
f 126/4/10 127/5/10 125/3/10
f 152/2/10 154/2/10 153/3/10 151/3/10 149/3/10 145/3/10 148/2/10 150/2/10
f 136/4/10 137/5/10 135/3/10
f 162/2/10 164/2/10 163/3/10 161/3/10 159/3/10 155/3/10 158/2/10 160/2/10
f 146/4/10 147/5/10 145/3/10
f 172/2/10 174/2/10 173/3/10 171/3/10 169/3/10 165/3/10 168/2/10 170/2/10
f 156/4/10 157/5/10 155/3/10
f 182/2/10 184/2/10 183/3/10 181/3/10 179/3/10 175/3/10 178/2/10 180/2/10
f 166/4/10 167/5/10 165/3/10
f 192/2/10 194/2/10 193/3/10 191/3/10 189/3/10 185/3/10 188/2/10 190/2/10
f 176/4/10 177/5/10 175/3/10
f 202/2/10 204/2/10 203/3/10 201/3/10 199/3/10 195/3/10 198/2/10 200/2/10
f 186/4/10 187/5/10 185/3/10
f 212/2/10 214/2/10 213/3/10 211/3/10 209/3/10 205/3/10 208/2/10 210/2/10
f 196/4/10 197/5/10 195/3/10
f 222/2/10 224/2/10 223/3/10 221/3/10 219/3/10 215/3/10 218/2/10 220/2/10
f 206/4/10 207/5/10 205/3/10
f 232/2/10 234/2/10 233/3/10 231/3/10 229/3/10 225/3/10 228/2/10 230/2/10
f 216/4/10 217/5/10 215/3/10
f 242/2/10 244/2/10 243/3/10 241/3/10 239/3/10 235/3/10 238/2/10 240/2/10
f 226/4/10 227/5/10 225/3/10
f 252/2/10 254/2/10 253/3/10 251/3/10 249/3/10 245/3/10 248/2/10 250/2/10
f 236/4/10 237/5/10 235/3/10
f 262/2/10 264/2/10 263/3/10 261/3/10 259/3/10 255/3/10 258/2/10 260/2/10
f 246/4/10 247/5/10 245/3/10
f 272/2/10 274/2/10 273/3/10 271/3/10 269/3/10 265/3/10 268/2/10 270/2/10
f 256/4/10 257/5/10 255/3/10
f 282/2/10 284/2/10 283/3/10 281/3/10 279/3/10 275/3/10 278/2/10 280/2/10
f 266/4/10 267/5/10 265/3/10
f 292/2/10 294/2/10 293/3/10 291/3/10 289/3/10 285/3/10 288/2/10 290/2/10
f 276/4/10 277/5/10 275/3/10
f 302/2/10 304/2/10 303/3/10 301/3/10 299/3/10 295/3/10 298/2/10 300/2/10
f 286/4/10 287/5/10 285/3/10
f 312/2/10 314/2/10 313/3/10 311/3/10 309/3/10 305/3/10 308/2/10 310/2/10
f 296/4/10 297/5/10 295/3/10
f 322/2/10 324/2/10 323/3/10 321/3/10 319/3/10 315/3/10 318/2/10 320/2/10
f 306/4/10 307/5/10 305/3/10
f 332/2/10 334/2/10 333/3/10 331/3/10 329/3/10 325/3/10 328/2/10 330/2/10
f 316/4/10 317/5/10 315/3/10
f 342/2/10 344/2/10 343/3/10 341/3/10 339/3/10 335/3/10 338/2/10 340/2/10
f 326/4/10 327/5/10 325/3/10
f 352/2/10 354/2/10 353/3/10 351/3/10 349/3/10 345/3/10 348/2/10 350/2/10
f 336/4/10 337/5/10 335/3/10
f 362/2/10 364/2/10 363/3/10 361/3/10 359/3/10 355/3/10 358/2/10 360/2/10
f 346/4/10 347/5/10 345/3/10
f 372/2/10 374/2/10 373/3/10 371/3/10 369/3/10 365/3/10 368/2/10 370/2/10
f 356/4/10 357/5/10 355/3/10
f 382/2/10 384/2/10 383/3/10 381/3/10 379/3/10 375/3/10 378/2/10 380/2/10
f 366/4/10 367/5/10 365/3/10
f 392/2/10 394/2/10 393/3/10 391/3/10 389/3/10 385/3/10 388/2/10 390/2/10
f 376/4/10 377/5/10 375/3/10
f 402/2/10 404/2/10 403/3/10 401/3/10 399/3/10 395/3/10 398/2/10 400/2/10
f 386/4/10 387/5/10 385/3/10
f 412/2/10 414/2/10 413/3/10 411/3/10 409/3/10 405/3/10 408/2/10 410/2/10
f 396/4/10 397/5/10 395/3/10
f 406/4/10 407/5/10 405/3/10
f 22/2/10 24/2/10 23/3/10 21/3/10 19/3/10 15/3/10 18/2/10 20/2/10
o Sphere
v -0.937956 38.048244 1.421714
v -0.857879 38.394691 0.754632
v -0.126451 37.985111 -0.241952
v 0.425916 36.800854 0.253106
v 0.316071 38.383167 1.114073
v 0.779488 37.393314 0.424093
v -0.458547 37.756111 1.902320
v 0.519681 36.951866 1.615047
v -1.075728 37.348854 1.616725
v -0.900400 36.678375 1.514064
v -0.478940 36.292912 1.152945
v -1.299731 37.316956 0.366376
v -0.219133 36.734356 -0.038009
v -2.475613 39.717693 -0.474927
v -1.866438 39.862511 -0.189419
v -1.346251 39.270256 0.855605
v -2.188222 38.354183 1.262213
v -2.528291 40.058659 0.787769
v -2.309587 38.986259 1.505796
v -3.087949 39.622643 -0.175607
v -3.322697 38.882145 0.877952
v -2.749653 39.107346 -0.636041
v -2.864132 38.469723 -0.403851
v -2.775323 38.048374 0.132954
v -1.642621 38.709587 -0.417663
v -1.762213 38.152489 0.760799
v -0.054324 40.606659 -1.349851
v -0.447540 40.876545 -0.883969
v -1.609995 40.662334 -0.724249
v -1.893194 39.844650 -1.606273
v -1.019483 41.270771 -1.846726
v -1.921453 40.490566 -1.834120
v -0.138291 40.545471 -2.020656
v -1.109621 40.126652 -2.563447
v 0.030564 39.967899 -1.521452
v -0.268164 39.427593 -1.676479
v -0.836406 39.192120 -1.755717
v -0.577413 39.758663 -0.539792
v -1.648238 39.556034 -1.026390
v 0.131911 41.412773 1.172090
v -0.078430 41.758068 0.631680
v 0.096376 41.496864 -0.500749
v 0.741519 40.463554 -0.424783
v 0.987709 41.805820 0.405177
v 1.082052 40.999794 -0.405301
v 0.705115 41.161591 1.325323
v 1.364178 40.531738 0.621589
v 0.109661 40.777313 1.341553
v 0.212334 40.203293 1.141312
v 0.400713 39.909966 0.647851
v -0.571211 40.799770 0.447669
v 0.118587 40.378021 -0.379040
v -1.857451 42.882374 0.446442
v -1.265700 43.034874 0.416855
v -0.429339 42.492462 0.979720
v -0.916174 41.609055 1.608745
v -1.391658 43.113556 1.490070
v -0.919168 42.145409 1.894571
v -2.215734 42.743034 0.943256
v -1.966526 42.020256 1.831454
v -2.131439 42.335049 0.399067
v -2.121005 41.753597 0.591769
v -1.830134 41.360119 0.950940
v -1.170971 42.045437 0.065368
v -0.782776 41.485275 1.014057
v -0.321058 43.869427 -1.241093
v -0.443781 44.057285 -0.684410
v -1.288764 43.784302 -0.066599
v -1.859332 43.091259 -0.693572
v -1.285502 44.417526 -1.172352
v -1.980039 43.670471 -0.820281
v -0.657505 43.845001 -1.739207
v -1.634577 43.440823 -1.773298
v -0.317503 43.321045 -1.454548
v -0.609089 42.833508 -1.481904
v -1.084442 42.593040 -1.312711
v -0.395365 43.045792 -0.427106
v -1.429903 42.822693 -0.359694
v 0.836586 44.460442 0.724659
v 0.449700 44.779152 0.410588
v 0.131562 44.619434 -0.577957
v 0.678528 43.747051 -0.864217
v 1.193800 44.902649 -0.228836
v 0.948141 44.240803 -0.962520
v 1.350587 44.268532 0.580756
v 1.589229 43.793236 -0.302618
v 0.893972 43.890186 0.827796
v 0.899251 43.401508 0.588090
v 0.850408 43.181057 0.097100
v -0.001636 43.912128 0.417921
v 0.209320 43.628624 -0.562802
v -1.031626 45.663395 1.108933
v -0.581007 45.837952 0.838127
v 0.307893 45.385239 0.885337
v 0.189179 44.542206 1.538087
v -0.246682 45.843109 1.746939
v 0.297051 44.999741 1.799780
v -1.110374 45.491310 1.648762
v -0.548641 44.824368 2.196972
v -1.260216 45.165672 1.155545
v -1.168339 44.643940 1.266313
v -0.791090 44.297474 1.398929
v -0.638972 44.990578 0.455678
v 0.054603 44.472847 1.001737
v -0.518748 46.721470 -0.830690
v -0.391802 46.849972 -0.324951
v -0.802011 46.522045 0.513557
v -1.496080 45.906776 0.221199
v -1.252803 47.137901 -0.322196
v -1.647738 46.415901 0.210413
v -0.983756 46.703949 -1.080121
v -1.759814 46.285774 -0.708334
v -0.596801 46.249599 -1.036141
v -0.831694 45.802376 -0.962223
v -1.133706 45.550621 -0.637172
v -0.239739 45.948395 -0.207053
v -1.021631 45.680744 0.281576
v 1.178028 47.215363 0.259185
v 0.744453 47.487324 0.199196
v 0.096872 47.377350 -0.454829
v 0.418793 46.659248 -0.974713
v 1.068291 47.678070 -0.622124
v 0.585588 47.117065 -1.138097
v 1.524879 47.087315 -0.090277
v 1.359627 46.730122 -0.923205
v 1.270406 46.711227 0.279410
v 1.182498 46.293449 0.056256
v 0.947881 46.121597 -0.325039
v 0.402072 46.693459 0.345729
v 0.173842 46.508541 -0.539931
v -0.143781 48.133385 1.451868
v 0.098407 48.330746 1.052966
v 0.819144 47.987392 0.675126
v 0.998330 47.202732 1.189260
v 0.727987 48.309734 1.627003
v 1.184180 47.599312 1.378651
v 0.014420 47.948463 1.902168
v 0.683249 47.368847 2.049164
v -0.299262 47.677444 1.556277
v -0.177231 47.217918 1.570652
v 0.175701 46.930328 1.489502
v -0.093243 47.600201 0.721450
v 0.676632 47.160793 0.818987
v -0.536247 49.200371 -0.237888
v -0.233498 49.295525 0.115261
v -0.212951 48.936054 0.935930
v -0.869369 48.363815 0.966932
v -0.910514 49.492889 0.509977
v -0.997739 48.803112 1.056828
v -1.001613 49.167576 -0.234275
v -1.455786 48.729027 0.370369
v -0.675830 48.790176 -0.396657
v -0.825717 48.376892 -0.264680
v -0.928658 48.118385 0.107630
v -0.057602 48.504845 0.084855
v -0.470610 48.192467 0.794088
v 1.230212 49.689537 -0.081427
v 0.863210 49.904011 0.076896
v 0.092001 49.798923 -0.166145
v 0.141436 49.214256 -0.763207
v 0.783236 50.136055 -0.701408
v 0.201640 49.637093 -0.935694
v 1.362228 49.617569 -0.516798
v 0.899432 49.335449 -1.126762
v 1.315855 49.250275 -0.137776
v 1.160848 48.888027 -0.302811
v 0.824398 48.741158 -0.513493
v 0.661829 49.174469 0.290883
v 0.126607 49.042797 -0.322425
vn 0.4874 -0.1334 -0.8629
vn -0.2799 0.7982 -0.5334
vn -0.1027 0.8536 0.5107
vn -0.2877 -0.2180 0.9326
vn 0.8590 -0.5120 -0.0024
vn 0.0690 -0.6408 0.7646
vn -0.5215 -0.4754 -0.7085
vn -0.9454 -0.2742 0.1764
vn -0.5646 0.3230 0.7595
vn 0.4310 -0.8993 -0.0743
vn -0.9476 0.2961 0.1197
vn 0.2932 0.0151 0.9559
vn -0.7255 -0.6769 -0.1242
vn 0.8887 0.4551 -0.0560
vn 0.6268 -0.2483 0.7385
vn 0.8054 0.5888 -0.0672
vn -0.1888 0.9461 -0.2633
vn -0.8317 -0.0520 -0.5528
vn -0.4543 -0.3950 0.7985
vn -0.8888 -0.4202 -0.1828
vn 0.6988 -0.6715 -0.2465
vn 0.0583 -0.3508 -0.9346
vn -0.4510 0.4116 -0.7920
vn -0.3600 -0.8363 0.4136
vn 0.3028 0.1973 -0.9324
vn -0.9696 0.2403 -0.0471
vn 0.1435 -0.7668 -0.6256
vn -0.0966 0.5401 0.8361
vn -0.9500 -0.0078 0.3123
vn -0.0157 0.6512 0.7587
vn 0.5907 0.8036 -0.0733
vn 0.7770 -0.2659 -0.5705
vn -0.7073 -0.2625 -0.6564
vn 0.3368 -0.5574 -0.7588
vn -0.2170 -0.6346 0.7418
vn 0.7676 -0.5285 0.3627
vn 0.9764 0.1667 -0.1374
vn -0.5142 -0.7295 -0.4510
vn 0.8226 0.0347 0.5675
vn 0.4514 0.1021 -0.8865
vn 0.3182 -0.8835 0.3439
vn -0.6107 0.7001 -0.3701
vn 0.0144 -0.0644 -0.9978
vn -0.5276 0.8063 -0.2674
vn 0.1266 0.8183 0.5607
vn 0.2113 -0.2880 0.9340
vn 0.7701 -0.4735 -0.4274
vn 0.4539 -0.6790 0.5769
vn -0.7840 -0.4556 -0.4217
vn -0.7543 -0.3324 0.5662
vn -0.1416 0.2597 0.9553
vn 0.3719 -0.8677 -0.3297
vn -0.7921 0.2509 0.5565
vn 0.7173 -0.0273 0.6962
vn -0.6843 -0.7111 0.1615
vn 0.7546 0.5071 -0.4164
vn 0.9055 -0.2602 0.3353
vn 0.6690 0.6407 -0.3767
vn -0.3252 0.9435 -0.0639
vn -0.9921 -0.0551 -0.1124
vn 0.0030 -0.4703 0.8825
vn -0.8673 -0.4534 0.2056
vn 0.5184 -0.6265 -0.5820
vn -0.3919 -0.2958 -0.8712
vn -0.7848 0.4314 -0.4450
vn -0.0862 -0.8862 0.4552
vn -0.1971 0.2678 -0.9431
vn -0.8875 0.2026 0.4139
vn -0.1500 -0.7247 -0.6725
vn 0.3028 0.4894 0.8178
vn -0.6996 -0.0675 0.7113
vn 0.3316 0.6074 0.7219
vn 0.4623 0.8465 -0.2640
vn 0.4241 -0.2041 -0.8823
vn -0.9274 -0.2535 -0.2751
vn -0.0527 -0.5029 -0.8627
vn 0.1947 -0.6929 0.6943
vn 0.8578 -0.5090 -0.0714
vn 0.8032 0.2206 -0.5533
vn -0.6476 -0.7281 -0.2246
vn 0.9912 0.0366 0.1275
vn -0.0384 0.1758 -0.9837
vn 0.4727 -0.8775 0.0808
vn -0.7299 0.6835 0.0103
vn -0.4717 -0.0064 -0.8817
vn -0.6136 0.7865 0.0704
vn 0.3539 0.7908 0.4994
vn 0.6461 -0.3305 0.6880
vn 0.4916 -0.4203 -0.7627
vn 0.6927 -0.6812 0.2370
vn -0.8826 -0.4669 -0.0549
vn -0.3880 -0.4093 0.8258
vn 0.3327 0.2002 0.9215
vn 0.1976 -0.8289 -0.5234
vn -0.4441 0.1891 0.8758
vn 0.9596 -0.0365 0.2789
vn -0.5084 -0.7656 0.3943
vn 0.4560 0.5795 -0.6754
vn 0.9616 -0.2393 -0.1342
vn 0.3920 0.7085 -0.5869
vn -0.3475 0.9226 0.1676
vn -0.9344 -0.0915 0.3443
vn 0.4490 -0.5210 0.7259
vn -0.6638 -0.5154 0.5419
vn 0.1970 -0.5742 -0.7946
vn -0.7535 -0.2608 -0.6036
vn -0.9087 0.4174 0.0005
vn 0.1777 -0.9162 0.3592
vn -0.6377 0.3117 -0.7044
vn -0.5983 0.1439 0.7882
vn -0.4323 -0.6920 -0.5782
vn 0.6446 0.4541 0.6151
vn -0.2747 -0.1419 0.9510
vn 0.6198 0.5791 0.5297
vn 0.2512 0.8945 -0.3699
vn -0.0492 -0.1377 -0.9893
vn -0.9477 -0.2790 0.1551
vn -0.4478 -0.4559 -0.7692
vn 0.5289 -0.7175 0.4533
vn 0.7373 -0.4678 -0.4875
vn 0.4429 0.2953 -0.8465
vn -0.6597 -0.7508 0.0330
vn 0.9406 0.0718 -0.3318
vn -0.5188 0.2309 -0.8231
vn 0.4807 -0.8508 -0.2123
vn -0.6563 0.6463 0.3895
vn -0.8347 0.0241 -0.5501
vn -0.5292 0.7493 0.3980
vn 0.5261 0.7782 0.3430
vn 0.8999 -0.3371 0.2766
vn 0.0780 -0.3602 -0.9296
vn 0.7382 -0.6556 -0.1588
vn -0.8009 -0.5104 0.3130
vn 0.0765 -0.4822 0.8727
vn 0.7293 0.1603 0.6651
vn -0.0504 -0.7892 -0.6121
vn 0.0286 0.1219 0.9921
vn 0.9818 -0.0119 -0.1897
vn -0.2321 -0.8253 0.5148
vn 0.0528 0.6510 -0.7572
vn 0.7973 -0.1927 -0.5720
vn 0.0343 0.7713 -0.6355
vn -0.2557 0.8908 0.3757
vn -0.6685 -0.1548 0.7275
vn 0.7546 -0.5350 0.3799
vn -0.3104 -0.5910 0.7446
vn -0.1930 -0.5224 -0.8306
vn -0.9435 -0.2571 -0.2090
vn -0.8136 0.3785 0.4413
vn 0.3607 -0.9199 0.1536
vn -0.9001 0.3200 -0.2958
vn -0.1517 0.0749 0.9856
vn -0.6367 -0.6776 -0.3680
vn 0.8488 0.4456 0.2845
vn 0.2290 -0.2112 0.9502
vn 0.7835 0.5762 0.2328
vn 0.0087 0.9327 -0.3605
vn -0.5199 -0.0830 -0.8502
vn -0.7663 -0.3360 0.5476
vn -0.7489 -0.4291 -0.5050
vn 0.6993 -0.7085 0.0952
vn 0.4333 -0.4130 -0.8011
vn -0.0333 0.3706 -0.9282
vn -0.5465 -0.7945 0.2646
vn 0.6805 0.1341 -0.7204
vn -0.8527 0.2526 -0.4573
vn 0.3482 -0.8124 -0.4678
vn -0.4125 0.5974 0.6877
vn -0.9946 0.0202 -0.1021
vn -0.2991 0.7033 0.6449
vn 0.6051 0.7856 0.1296
vn 0.9310 -0.3124 -0.1888
vn -0.3718 -0.3048 -0.8768
vn 0.5939 -0.6129 -0.5212
vn -0.5491 -0.5783 0.6033
vn 0.5076 -0.5275 0.6812
vn 0.9526 0.1519 0.2637
vn -0.3129 -0.7555 -0.5756
vn 0.5041 0.0662 0.8611
vn 0.7867 0.0413 -0.6160
vn 0.0767 -0.8712 0.4848
vn -0.3459 0.6977 -0.6273
vt 0.700000 0.000000
vt 0.800000 0.200000
vt 0.600000 0.400000
vt 0.400000 0.200000
vt 0.800000 0.600000
vt 0.600000 0.800000
vt 0.400000 0.600000
vt 0.300000 1.000000
vt 0.200000 0.800000
vt 0.000000 0.800000
vt 0.000000 0.600000
vt 0.200000 0.400000
vt 0.300000 0.000000
vt 0.000000 0.400000
vt 1.000000 0.400000
vt 1.000000 0.600000
vt 1.000000 0.800000
vt 0.100000 1.000000
vt 0.700000 1.000000
s 0
usemtl salvia_purplle
f 418/6/11 427/7/11 417/8/11 420/9/11
f 417/8/12 426/10/12 416/11/12 419/12/12
f 415/13/13 421/14/13 419/12/13 416/11/13
f 421/14/14 423/15/14 424/16/14
f 420/9/15 422/17/15 418/18/15
f 425/19/16 422/17/16 424/16/16
f 425/20/17 426/10/17 417/8/17 427/7/17
f 424/21/18 423/22/18 426/10/18
f 421/14/19 415/23/19 423/15/19
f 418/18/20 422/17/20 425/20/20 427/7/20
f 415/24/21 416/11/21 426/10/21 423/22/21
f 419/12/22 421/14/22 424/16/22 422/17/22
f 425/20/23 424/21/23 426/10/23
f 417/8/24 419/12/24 422/17/24 420/9/24
f 431/6/25 440/7/25 430/8/25 433/9/25
f 430/8/26 439/10/26 429/11/26 432/12/26
f 428/13/27 434/14/27 432/12/27 429/11/27
f 434/14/28 436/15/28 437/16/28
f 433/9/29 435/17/29 431/18/29
f 438/19/30 435/17/30 437/16/30
f 438/20/31 439/10/31 430/8/31 440/7/31
f 437/21/32 436/22/32 439/10/32
f 434/14/33 428/23/33 436/15/33
f 431/18/34 435/17/34 438/20/34 440/7/34
f 428/24/35 429/11/35 439/10/35 436/22/35
f 432/12/36 434/14/36 437/16/36 435/17/36
f 438/20/37 437/21/37 439/10/37
f 430/8/38 432/12/38 435/17/38 433/9/38
f 444/6/39 453/7/39 443/8/39 446/9/39
f 443/8/40 452/10/40 442/11/40 445/12/40
f 441/13/41 447/14/41 445/12/41 442/11/41
f 447/14/42 449/15/42 450/16/42
f 446/9/43 448/17/43 444/18/43
f 451/19/44 448/17/44 450/16/44
f 451/20/45 452/10/45 443/8/45 453/7/45
f 450/21/46 449/22/46 452/10/46
f 447/14/47 441/23/47 449/15/47
f 444/18/48 448/17/48 451/20/48 453/7/48
f 441/24/49 442/11/49 452/10/49 449/22/49
f 445/12/50 447/14/50 450/16/50 448/17/50
f 451/20/51 450/21/51 452/10/51
f 443/8/52 445/12/52 448/17/52 446/9/52
f 457/6/53 466/7/53 456/8/53 459/9/53
f 456/8/54 465/10/54 455/11/54 458/12/54
f 454/13/55 460/14/55 458/12/55 455/11/55
f 460/14/56 462/15/56 463/16/56
f 459/9/57 461/17/57 457/18/57
f 464/19/58 461/17/58 463/16/58
f 464/20/59 465/10/59 456/8/59 466/7/59
f 463/21/60 462/22/60 465/10/60
f 460/14/61 454/23/61 462/15/61
f 457/18/62 461/17/62 464/20/62 466/7/62
f 454/24/63 455/11/63 465/10/63 462/22/63
f 458/12/64 460/14/64 463/16/64 461/17/64
f 464/20/65 463/21/65 465/10/65
f 456/8/66 458/12/66 461/17/66 459/9/66
f 470/6/67 479/7/67 469/8/67 472/9/67
f 469/8/68 478/10/68 468/11/68 471/12/68
f 467/13/69 473/14/69 471/12/69 468/11/69
f 473/14/70 475/15/70 476/16/70
f 472/9/71 474/17/71 470/18/71
f 477/19/72 474/17/72 476/16/72
f 477/20/73 478/10/73 469/8/73 479/7/73
f 476/21/74 475/22/74 478/10/74
f 473/14/75 467/23/75 475/15/75
f 470/18/76 474/17/76 477/20/76 479/7/76
f 467/24/77 468/11/77 478/10/77 475/22/77
f 471/12/78 473/14/78 476/16/78 474/17/78
f 477/20/79 476/21/79 478/10/79
f 469/8/80 471/12/80 474/17/80 472/9/80
f 483/6/81 492/7/81 482/8/81 485/9/81
f 482/8/82 491/10/82 481/11/82 484/12/82
f 480/13/83 486/14/83 484/12/83 481/11/83
f 486/14/84 488/15/84 489/16/84
f 485/9/85 487/17/85 483/18/85
f 490/19/86 487/17/86 489/16/86
f 490/20/87 491/10/87 482/8/87 492/7/87
f 489/21/88 488/22/88 491/10/88
f 486/14/89 480/23/89 488/15/89
f 483/18/90 487/17/90 490/20/90 492/7/90
f 480/24/91 481/11/91 491/10/91 488/22/91
f 484/12/92 486/14/92 489/16/92 487/17/92
f 490/20/93 489/21/93 491/10/93
f 482/8/94 484/12/94 487/17/94 485/9/94
f 496/6/95 505/7/95 495/8/95 498/9/95
f 495/8/96 504/10/96 494/11/96 497/12/96
f 493/13/97 499/14/97 497/12/97 494/11/97
f 499/14/98 501/15/98 502/16/98
f 498/9/99 500/17/99 496/18/99
f 503/19/100 500/17/100 502/16/100
f 503/20/101 504/10/101 495/8/101 505/7/101
f 502/21/102 501/22/102 504/10/102
f 499/14/103 493/23/103 501/15/103
f 496/18/104 500/17/104 503/20/104 505/7/104
f 493/24/105 494/11/105 504/10/105 501/22/105
f 497/12/106 499/14/106 502/16/106 500/17/106
f 503/20/107 502/21/107 504/10/107
f 495/8/108 497/12/108 500/17/108 498/9/108
f 509/6/109 518/7/109 508/8/109 511/9/109
f 508/8/110 517/10/110 507/11/110 510/12/110
f 506/13/111 512/14/111 510/12/111 507/11/111
f 512/14/112 514/15/112 515/16/112
f 511/9/113 513/17/113 509/18/113
f 516/19/114 513/17/114 515/16/114
f 516/20/115 517/10/115 508/8/115 518/7/115
f 515/21/116 514/22/116 517/10/116
f 512/14/117 506/23/117 514/15/117
f 509/18/118 513/17/118 516/20/118 518/7/118
f 506/24/119 507/11/119 517/10/119 514/22/119
f 510/12/120 512/14/120 515/16/120 513/17/120
f 516/20/121 515/21/121 517/10/121
f 508/8/122 510/12/122 513/17/122 511/9/122
f 522/6/123 531/7/123 521/8/123 524/9/123
f 521/8/124 530/10/124 520/11/124 523/12/124
f 519/13/125 525/14/125 523/12/125 520/11/125
f 525/14/126 527/15/126 528/16/126
f 524/9/127 526/17/127 522/18/127
f 529/19/128 526/17/128 528/16/128
f 529/20/129 530/10/129 521/8/129 531/7/129
f 528/21/130 527/22/130 530/10/130
f 525/14/131 519/23/131 527/15/131
f 522/18/132 526/17/132 529/20/132 531/7/132
f 519/24/133 520/11/133 530/10/133 527/22/133
f 523/12/134 525/14/134 528/16/134 526/17/134
f 529/20/135 528/21/135 530/10/135
f 521/8/136 523/12/136 526/17/136 524/9/136
f 535/6/137 544/7/137 534/8/137 537/9/137
f 534/8/138 543/10/138 533/11/138 536/12/138
f 532/13/139 538/14/139 536/12/139 533/11/139
f 538/14/140 540/15/140 541/16/140
f 537/9/141 539/17/141 535/18/141
f 542/19/142 539/17/142 541/16/142
f 542/20/143 543/10/143 534/8/143 544/7/143
f 541/21/144 540/22/144 543/10/144
f 538/14/145 532/23/145 540/15/145
f 535/18/146 539/17/146 542/20/146 544/7/146
f 532/24/147 533/11/147 543/10/147 540/22/147
f 536/12/148 538/14/148 541/16/148 539/17/148
f 542/20/149 541/21/149 543/10/149
f 534/8/150 536/12/150 539/17/150 537/9/150
f 548/6/151 557/7/151 547/8/151 550/9/151
f 547/8/152 556/10/152 546/11/152 549/12/152
f 545/13/153 551/14/153 549/12/153 546/11/153
f 551/14/154 553/15/154 554/16/154
f 550/9/155 552/17/155 548/18/155
f 555/19/156 552/17/156 554/16/156
f 555/20/157 556/10/157 547/8/157 557/7/157
f 554/21/158 553/22/158 556/10/158
f 551/14/159 545/23/159 553/15/159
f 548/18/160 552/17/160 555/20/160 557/7/160
f 545/24/161 546/11/161 556/10/161 553/22/161
f 549/12/162 551/14/162 554/16/162 552/17/162
f 555/20/163 554/21/163 556/10/163
f 547/8/164 549/12/164 552/17/164 550/9/164
f 561/6/165 570/7/165 560/8/165 563/9/165
f 560/8/166 569/10/166 559/11/166 562/12/166
f 558/13/167 564/14/167 562/12/167 559/11/167
f 564/14/168 566/15/168 567/16/168
f 563/9/169 565/17/169 561/18/169
f 568/19/170 565/17/170 567/16/170
f 568/20/171 569/10/171 560/8/171 570/7/171
f 567/21/172 566/22/172 569/10/172
f 564/14/173 558/23/173 566/15/173
f 561/18/174 565/17/174 568/20/174 570/7/174
f 558/24/175 559/11/175 569/10/175 566/22/175
f 562/12/176 564/14/176 567/16/176 565/17/176
f 568/20/177 567/21/177 569/10/177
f 560/8/178 562/12/178 565/17/178 563/9/178
f 574/6/179 583/7/179 573/8/179 576/9/179
f 573/8/180 582/10/180 572/11/180 575/12/180
f 571/13/181 577/14/181 575/12/181 572/11/181
f 577/14/182 579/15/182 580/16/182
f 576/9/183 578/17/183 574/18/183
f 581/19/184 578/17/184 580/16/184
f 581/20/185 582/10/185 573/8/185 583/7/185
f 580/21/186 579/22/186 582/10/186
f 577/14/187 571/23/187 579/15/187
f 574/18/188 578/17/188 581/20/188 583/7/188
f 571/24/189 572/11/189 582/10/189 579/22/189
f 575/12/190 577/14/190 580/16/190 578/17/190
f 581/20/191 580/21/191 582/10/191
f 573/8/192 575/12/192 578/17/192 576/9/192
o Circle.001
v -4.022793 -0.018473 -41.458786
v -4.804624 -0.018473 -41.082275
v -4.997721 -0.018473 -40.236263
v -4.456676 -0.018473 -39.557816
v -3.588909 -0.018473 -39.557816
v -3.047865 -0.018473 -40.236263
v -3.240961 -0.018473 -41.082275
v -4.022793 40.163338 -40.842136
v -4.322507 40.163338 -40.697800
v -4.396531 40.163338 -40.373482
v -4.189122 40.163338 -40.113400
v -3.856464 40.163338 -40.113400
v -3.649055 40.163338 -40.373482
v -3.723078 40.163338 -40.697800
vn -0.0000 -1.0000 -0.0000
vn -0.0000 1.0000 -0.0000
vn -0.7818 0.0138 0.6234
vn -0.4338 0.0138 -0.9009
vn -0.9748 0.0138 -0.2225
vn 0.7818 0.0138 0.6234
vn 0.9748 0.0138 -0.2225
vn -0.0000 0.0138 0.9999
vn 0.4338 0.0138 -0.9009
vt 0.000000 0.000000
s 0
usemtl slavia_stem
f 585/25/193 584/25/193 590/25/193 589/25/193 588/25/193 587/25/193 586/25/193
f 592/25/194 593/25/194 594/25/194 595/25/194 596/25/194 597/25/194 591/25/194
f 594/25/195 593/25/195 586/25/195 587/25/195
f 592/25/196 591/25/196 584/25/196 585/25/196
f 586/25/197 593/25/197 592/25/197 585/25/197
f 596/25/198 595/25/198 588/25/198 589/25/198
f 590/25/199 597/25/199 596/25/199 589/25/199
f 588/25/200 595/25/200 594/25/200 587/25/200
f 584/25/201 591/25/201 597/25/201 590/25/201
o Plane.001
v -5.932782 0.458905 -39.233616
v -4.067738 0.458905 -40.527439
v -4.243478 0.458905 -40.780769
v -8.411062 0.458905 -39.690033
v -6.914786 0.458905 -35.640556
v -12.533136 0.458905 -38.659248
v -13.576475 0.458905 -30.301785
v -18.157314 0.458905 -33.186249
v -17.790201 0.458905 -30.498829
v -18.464289 0.458905 -31.470524
v -1.830698 0.694889 -40.056751
v -4.062225 0.694889 -40.314835
v -4.097281 0.694889 -40.011726
v -5.416512 0.943204 -42.127083
v -3.927322 0.943204 -40.476395
v -3.703110 0.943204 -40.678673
v -5.281775 0.943204 -44.591492
v -9.029348 0.943204 -42.633568
v -6.796531 0.943204 -48.467567
v -15.045462 0.943204 -48.440250
v -12.813824 0.943204 -53.249626
v -15.378838 0.943204 -52.558281
v -14.518826 0.943204 -53.334156
v -4.105970 1.204493 -38.244568
v -4.133175 1.204493 -40.444561
v -4.431999 1.204493 -40.440865
v -2.541309 1.479436 -41.985912
v -3.959423 1.479436 -40.333630
v -3.734994 1.479436 -40.141006
v -0.130440 1.479436 -42.161949
v -2.499237 1.479436 -45.558739
v 3.446377 1.479436 -44.116226
v 2.392478 1.479436 -52.126377
v 7.342559 1.479436 -50.557404
v 6.351483 1.479436 -52.963123
v 7.212327 1.479436 -52.224281
v -6.149818 1.768745 -40.229218
v -4.015987 1.768745 -40.529644
v -4.056794 1.768745 -40.819481
v -8.056074 1.768745 -41.674622
v -8.516938 1.768745 -37.602276
v -11.991165 1.768745 -42.561153
v -16.445089 1.768745 -35.920952
v -19.096998 1.768745 -40.322922
v -19.933498 1.768745 -37.887634
v -20.090021 1.768745 -38.999367
v -2.320360 2.073170 -39.175167
v -4.102113 2.073170 -40.347034
v -4.261287 2.073170 -40.105019
v -4.476350 2.393503 -42.461922
v -3.918738 2.393503 -40.426395
v -3.642253 2.393503 -40.502136
v -3.309605 2.393503 -44.493805
v -7.323145 2.393503 -44.434326
v -2.938466 2.393503 -48.427021
v -9.943905 2.393503 -51.926849
v -5.997826 2.393503 -55.051334
v -8.467810 2.393503 -55.560661
v -7.407292 2.393503 -55.851181
v -5.023382 2.730574 -38.610458
v -4.106863 2.730574 -40.487320
v -4.361797 2.730574 -40.611813
v -2.098930 3.085258 -41.114277
v -4.006927 3.085258 -40.319061
v -3.898913 3.085258 -40.059898
v 0.020284 3.085258 -40.233887
v -0.537363 3.085258 -44.125496
v 3.887494 3.085258 -40.363201
v 6.414965 3.085258 -47.604630
v 9.941757 3.085258 -44.160290
v 10.128927 3.085258 -46.623230
v 10.543240 3.085258 -45.629154
v -5.908625 3.458474 -41.166019
v -3.971170 3.458474 -40.509407
v -3.881983 3.458474 -40.772572
v -6.907516 3.458474 -43.205624
v -9.037489 3.458474 -39.949753
v -9.865219 3.458474 -45.637875
v -16.477358 3.458474 -41.910248
v -16.845741 3.458474 -46.775002
v -18.595034 3.458474 -45.067524
v -18.252937 3.458474 -46.076946
v -3.112024 3.851192 -38.636856
v -4.122181 3.851192 -40.391369
v -4.360496 3.851192 -40.254158
v -3.536238 4.264431 -42.344284
v -3.932813 4.264431 -40.380337
v -3.666051 4.264431 -40.326469
v -5.644932 4.699262 -39.312489
v -4.066294 4.699262 -40.512337
v -4.229269 4.699262 -40.726765
v -7.825099 4.699262 -39.616886
v -6.365770 4.699262 -36.139503
v -11.383481 4.699262 -38.561058
v -11.977266 4.699262 -31.227711
v -16.084425 4.699262 -33.571442
v -15.662174 4.699262 -31.239967
v -16.287300 4.699262 -32.062447
v -2.096124 5.156813 -40.186340
v -4.053424 5.156813 -40.327000
v -4.072530 5.156813 -40.061142
v -0.675371 5.156813 -38.534828
v 0.513878 5.156813 -42.072449
v 2.658631 5.156813 -36.992840
v 7.894222 5.156813 -42.052971
v 9.413353 5.156813 -37.626484
v 10.623926 5.156813 -39.634724
v 10.550644 5.156813 -38.614964
v -5.304037 5.638273 -41.857269
v -3.941814 5.638273 -40.473110
v -3.753805 5.638273 -40.658142
v -4.013134 6.144890 -38.518559
v -4.120261 6.144890 -40.437527
v -4.380914 6.144890 -40.422974
v -2.789415 6.677979 -41.843040
v -3.964418 6.677979 -40.347298
v -3.761252 6.677979 -40.187698
v -5.872081 7.238923 -40.173153
v -4.021213 7.238923 -40.516220
v -4.067811 7.238923 -40.767624
v -2.490053 7.829177 -39.398399
v -4.089456 7.829177 -40.353588
v -4.219199 7.829177 -40.136341
v -4.496222 8.450274 -42.185127
v -3.932427 8.450274 -40.429802
v -3.694001 8.450274 -40.506382
v -4.827653 9.103824 -38.803112
v -4.098919 9.103824 -40.475842
v -4.326125 9.103824 -40.574825
v -2.370301 9.791523 -41.099110
v -4.005324 9.791523 -40.332787
v -3.901234 9.791523 -40.110703
v -0.487433 9.791523 -40.411091
v -1.121608 9.791523 -43.786274
v 2.882690 9.791523 -40.670521
v 4.814021 9.791523 -47.086121
v 8.022499 9.791523 -44.213818
v 8.092499 9.791523 -46.370392
v 8.491758 9.791523 -45.518536
v -5.697092 10.515156 -40.999870
v -3.981333 10.515156 -40.500259
v -3.913471 10.515156 -40.733311
v -3.160558 11.276600 -38.898594
v -4.108650 11.276600 -40.391518
v -4.311434 11.276600 -40.262741
v -3.671301 12.077831 -42.118095
v -3.942966 12.077831 -40.389072
v -3.708113 12.077831 -40.352169
v -2.097054 12.077831 -43.257057
v -5.152036 12.077831 -44.579071
v -0.476799 12.077831 -46.104641
v -4.581743 12.077831 -51.136948
v -0.533849 12.077831 -52.155426
v -2.227983 12.077831 -53.381798
v -1.327154 12.077831 -53.240261
v -5.396707 12.920930 -39.392235
v -4.064461 12.920930 -40.499214
v -4.214821 12.920930 -40.680172
v -7.310938 12.920930 -39.575260
v -5.905540 12.920930 -36.595760
v -10.376421 12.920930 -38.518936
v -10.616686 12.920930 -32.096413
v -14.289951 12.920930 -33.986183
v -13.833075 12.920930 -31.967442
v -14.409813 12.920930 -32.661549
v -2.332682 13.808081 -40.289379
v -4.046205 13.808081 -40.337952
v -4.052802 13.808081 -40.105202
v -1.030154 13.808081 -38.901905
v -0.126345 13.808081 -42.034367
v 1.937970 13.808081 -37.682533
v 6.315430 13.808081 -42.297096
v 7.808992 13.808081 -38.491550
v 8.789377 13.808081 -40.290085
v 8.764071 13.808081 -39.397331
v -5.195651 14.741588 -41.626060
v -3.954337 14.741588 -40.469696
v -3.797269 14.741588 -40.638302
v -5.256258 14.741588 -43.508461
v -7.975704 14.741588 -41.772087
v -6.664231 14.741588 -46.354916
v -12.933416 14.741588 -45.788429
v -11.555056 14.741588 -49.592243
v -13.459291 14.741588 -48.896980
v -12.856821 14.741588 -49.543709
v -3.942499 15.723873 -38.761200
v -4.108724 15.723873 -40.431877
v -4.335651 15.723873 -40.409298
v -5.128159 15.723873 -37.323036
v -1.972517 15.723873 -36.835148
v -5.943069 15.723873 -34.287739
v -0.914991 15.723873 -30.609907
v -4.425930 15.723873 -28.685001
v -2.556616 15.723873 -27.956589
v -3.427046 15.723873 -27.869986
v -3.000528 16.757484 -41.708950
v -3.969296 16.757484 -40.359039
v -3.785938 16.757484 -40.227451
v -5.627568 17.845104 -40.134754
v -4.025264 17.845104 -40.504311
v -4.075461 17.845104 -40.721951
v -7.172363 17.845104 -41.107464
v -7.253307 17.845104 -37.981102
v -10.222542 17.845104 -41.521091
v -13.169207 17.845104 -36.178429
v -15.476456 17.845104 -39.349449
v -15.951267 17.845104 -37.442757
v -16.143808 17.845104 -38.277561
v -2.646609 18.989557 -39.586788
v -4.078659 18.989557 -40.359787
v -4.183654 18.989557 -40.165276
v -2.134842 18.989557 -37.854145
v -0.030734 18.989557 -40.123966
v -0.139122 18.989557 -35.552677
v 5.543069 18.989557 -37.595539
v 5.184083 18.989557 -33.731171
v 6.783417 18.989557 -34.837334
v 6.380682 18.989557 -34.091228
v -4.503074 20.193808 -41.942810
v -3.944503 20.193808 -40.432255
v -3.739325 20.193808 -40.508125
v -4.664138 21.460983 -38.978664
v -4.091551 21.460983 -40.466125
v -4.293591 21.460983 -40.543900
v -6.283605 21.460983 -38.265709
v -3.816494 21.460983 -36.504333
v -8.270845 21.460983 -36.040298
v -5.578583 21.460983 -30.774673
v -9.377394 21.460983 -30.642128
v -8.103607 21.460983 -29.226196
v -8.878580 21.460983 -29.524517
v -2.606560 22.794371 -41.075588
v -4.004446 22.794371 -40.344822
v -3.905186 22.794371 -40.154949
v -0.937249 22.794371 -40.546497
v -1.618639 22.794371 -43.468079
v 1.994121 22.794371 -40.900646
v 3.436482 22.794371 -46.572926
v 6.345481 22.794371 -44.187794
v 6.324833 22.794371 -46.072548
v 6.705564 22.794371 -45.344242
v -5.506184 24.197432 -40.862885
v -3.989855 24.197432 -40.491894
v -3.939463 24.197432 -40.697853
v -3.212835 25.673803 -39.125179
v -4.096848 25.673803 -40.392166
v -4.268941 25.673803 -40.272091
v -3.518923 25.673803 -37.437607
v -0.765571 25.673803 -38.463421
v -2.809793 25.673803 -34.633991
v 2.880270 25.673803 -33.939240
v 0.925499 25.673803 -30.816189
v 2.753901 25.673803 -31.070988
v 2.093797 25.673803 -30.610413
v -3.780601 27.227320 -41.915573
v -3.952157 27.227320 -40.396309
v -3.745795 27.227320 -40.373005
v -5.183096 28.862013 -39.471241
v -4.062364 28.862013 -40.487827
v -4.200446 28.862013 -40.640057
v -6.860638 28.862013 -39.558418
v -5.521177 28.862013 -37.011391
v -9.495935 28.862013 -38.520344
v -9.462193 28.862013 -32.906116
v -12.739586 28.862013 -34.416149
v -12.264339 28.862013 -32.671654
v -12.793985 28.862013 -33.255558
vn -0.0000 1.0000 -0.0000
vt 0.000000 1.000000
vt 0.000000 0.000000
vt 1.000000 1.000000
vt 1.000000 0.000000
s 0
usemtl salvia_leaves
f 599/26/202 600/27/202 598/28/202
f 618/29/202 620/29/202 619/28/202 617/28/202 615/28/202 611/28/202 614/29/202 616/29/202
f 609/26/202 610/27/202 608/28/202
f 612/26/202 613/27/202 611/28/202
f 631/29/202 633/29/202 632/28/202 630/28/202 628/28/202 624/28/202 627/29/202 629/29/202
f 622/26/202 623/27/202 621/28/202
f 641/29/202 643/29/202 642/28/202 640/28/202 638/28/202 634/28/202 637/29/202 639/29/202
f 625/26/202 626/27/202 624/28/202
f 635/26/202 636/27/202 634/28/202
f 654/29/202 656/29/202 655/28/202 653/28/202 651/28/202 647/28/202 650/29/202 652/29/202
f 645/26/202 646/27/202 644/28/202
f 648/26/202 649/27/202 647/28/202
f 667/29/202 669/29/202 668/28/202 666/28/202 664/28/202 660/28/202 663/29/202 665/29/202
f 658/26/202 659/27/202 657/28/202
f 677/29/202 679/29/202 678/28/202 676/28/202 674/28/202 670/28/202 673/29/202 675/29/202
f 661/26/202 662/27/202 660/28/202
f 671/26/202 672/27/202 670/28/202
f 681/26/202 682/27/202 680/28/202
f 693/29/202 695/29/202 694/28/202 692/28/202 690/28/202 686/28/202 689/29/202 691/29/202
f 684/26/202 685/27/202 683/28/202
f 703/29/202 705/29/202 704/28/202 702/28/202 700/28/202 696/28/202 699/29/202 701/29/202
f 687/26/202 688/27/202 686/28/202
f 697/26/202 698/27/202 696/28/202
f 707/26/202 708/27/202 706/28/202
f 710/26/202 711/27/202 709/28/202
f 713/26/202 714/27/202 712/28/202
f 716/26/202 717/27/202 715/28/202
f 719/26/202 720/27/202 718/28/202
f 722/26/202 723/27/202 721/28/202
f 734/29/202 736/29/202 735/28/202 733/28/202 731/28/202 727/28/202 730/29/202 732/29/202
f 725/26/202 726/27/202 724/28/202
f 728/26/202 729/27/202 727/28/202
f 738/26/202 739/27/202 737/28/202
f 750/29/202 752/29/202 751/28/202 749/28/202 747/28/202 743/28/202 746/29/202 748/29/202
f 741/26/202 742/27/202 740/28/202
f 760/29/202 762/29/202 761/28/202 759/28/202 757/28/202 753/28/202 756/29/202 758/29/202
f 744/26/202 745/27/202 743/28/202
f 770/29/202 772/29/202 771/28/202 769/28/202 767/28/202 763/28/202 766/29/202 768/29/202
f 754/26/202 755/27/202 753/28/202
f 780/29/202 782/29/202 781/28/202 779/28/202 777/28/202 773/28/202 776/29/202 778/29/202
f 764/26/202 765/27/202 763/28/202
f 790/29/202 792/29/202 791/28/202 789/28/202 787/28/202 783/28/202 786/29/202 788/29/202
f 774/26/202 775/27/202 773/28/202
f 784/26/202 785/27/202 783/28/202
f 803/29/202 805/29/202 804/28/202 802/28/202 800/28/202 796/28/202 799/29/202 801/29/202
f 794/26/202 795/27/202 793/28/202
f 813/29/202 815/29/202 814/28/202 812/28/202 810/28/202 806/28/202 809/29/202 811/29/202
f 797/26/202 798/27/202 796/28/202
f 807/26/202 808/27/202 806/28/202
f 826/29/202 828/29/202 827/28/202 825/28/202 823/28/202 819/28/202 822/29/202 824/29/202
f 817/26/202 818/27/202 816/28/202
f 836/29/202 838/29/202 837/28/202 835/28/202 833/28/202 829/28/202 832/29/202 834/29/202
f 820/26/202 821/27/202 819/28/202
f 830/26/202 831/27/202 829/28/202
f 849/29/202 851/29/202 850/28/202 848/28/202 846/28/202 842/28/202 845/29/202 847/29/202
f 840/26/202 841/27/202 839/28/202
f 843/26/202 844/27/202 842/28/202
f 862/29/202 864/29/202 863/28/202 861/28/202 859/28/202 855/28/202 858/29/202 860/29/202
f 853/26/202 854/27/202 852/28/202
f 856/26/202 857/27/202 855/28/202
f 605/29/202 607/29/202 606/28/202 604/28/202 602/28/202 598/28/202 601/29/202 603/29/202
o Circle.002
v -6.774129 -0.026156 -75.299362
v -7.555960 -0.026156 -74.922852
v -7.749057 -0.026156 -74.076843
v -7.208013 -0.026156 -73.398392
v -6.340245 -0.026156 -73.398392
v -5.799201 -0.026156 -74.076843
v -5.992298 -0.026156 -74.922852
v -6.774129 32.765171 -74.682709
v -7.073843 32.765171 -74.538376
v -7.147867 32.765171 -74.214058
v -6.940458 32.765171 -73.953979
v -6.607800 32.765171 -73.953979
v -6.400391 32.765171 -74.214058
v -6.474414 32.765171 -74.538376
vn -0.0000 -1.0000 -0.0000
vn -0.0000 1.0000 -0.0000
vn -0.7817 0.0169 0.6234
vn -0.4338 0.0169 -0.9008
vn -0.9748 0.0169 -0.2225
vn 0.7817 0.0169 0.6234
vn 0.9748 0.0169 -0.2225
vn -0.0000 0.0169 0.9999
vn 0.4338 0.0169 -0.9008
vt 0.000000 0.000000
s 0
usemtl slavia_stem
f 866/30/203 865/30/203 871/30/203 870/30/203 869/30/203 868/30/203 867/30/203
f 873/30/204 874/30/204 875/30/204 876/30/204 877/30/204 878/30/204 872/30/204
f 875/30/205 874/30/205 867/30/205 868/30/205
f 873/30/206 872/30/206 865/30/206 866/30/206
f 867/30/207 874/30/207 873/30/207 866/30/207
f 877/30/208 876/30/208 869/30/208 870/30/208
f 871/30/209 878/30/209 877/30/209 870/30/209
f 869/30/210 876/30/210 875/30/210 868/30/210
f 865/30/211 872/30/211 878/30/211 871/30/211
o Plane.002
v -8.684117 0.363420 -73.074188
v -6.819074 0.363420 -74.368019
v -6.994813 0.363420 -74.621346
v -4.582034 0.556000 -73.897324
v -6.813560 0.556000 -74.155411
v -6.848616 0.556000 -73.852303
v -3.039184 0.556000 -71.937965
v -1.503359 0.556000 -75.924782
v 0.697239 0.556000 -70.008835
v 6.936383 0.556000 -75.535927
v 8.453914 0.556000 -70.398018
v 9.938163 0.556000 -72.634659
v 9.803699 0.556000 -71.472023
v -8.167848 0.758643 -75.967659
v -6.678658 0.758643 -74.316971
v -6.454446 0.758643 -74.519249
v -8.033111 0.758643 -78.432068
v -11.780684 0.758643 -76.474144
v -9.547867 0.758643 -82.308144
v -17.796799 0.758643 -82.280830
v -15.565160 0.758643 -87.090202
v -18.130173 0.758643 -86.398857
v -17.270161 0.758643 -87.174728
v -6.857306 0.971875 -72.085144
v -6.884511 0.971875 -74.285141
v -7.183335 0.971875 -74.281441
v -8.568605 0.971875 -70.342285
v -4.504267 0.971875 -69.346825
v -9.977332 0.971875 -66.472221
v -3.830898 0.971875 -61.099480
v -8.633200 0.971875 -58.985344
v -6.275523 0.971875 -57.822014
v -7.421729 0.971875 -57.807838
v -5.292645 1.196248 -75.826485
v -6.710758 1.196248 -74.174202
v -6.486330 1.196248 -73.981583
v -8.901154 1.432346 -74.069794
v -6.767323 1.432346 -74.370216
v -6.808130 1.432346 -74.660057
v -5.071696 1.680780 -73.015747
v -6.853449 1.680780 -74.187607
v -7.012623 1.680780 -73.945595
v -7.227686 1.942195 -76.302498
v -6.670073 1.942195 -74.266975
v -6.393589 1.942195 -74.342712
v -7.774717 2.217270 -72.451035
v -6.858199 2.217270 -74.327896
v -7.113132 2.217270 -74.452385
v -4.850266 2.506718 -74.954857
v -6.758263 2.506718 -74.159637
v -6.650249 2.506718 -73.900475
v -2.731051 2.506718 -74.074463
v -3.288698 2.506718 -77.966072
v 1.136158 2.506718 -74.203773
v 3.663630 2.506718 -81.445206
v 7.190421 2.506718 -78.000870
v 7.377592 2.506718 -80.463806
v 7.791903 2.506718 -79.469727
v -8.659960 2.811291 -75.006599
v -6.722506 2.811291 -74.349983
v -6.633318 2.811291 -74.613152
v -9.658852 2.811291 -77.046196
v -11.788824 2.811291 -73.790329
v -12.616554 2.811291 -79.478455
v -19.228695 2.811291 -75.750824
v -19.597076 2.811291 -80.615578
v -21.346371 2.811291 -78.908096
v -21.004272 2.811291 -79.917519
v -5.863360 3.131778 -72.477432
v -6.873517 3.131778 -74.231941
v -7.111832 3.131778 -74.094734
v -6.287574 3.469010 -76.184860
v -6.684149 3.469010 -74.220917
v -6.417387 3.469010 -74.167046
v -8.396268 3.823864 -73.153069
v -6.817629 3.823864 -74.352913
v -6.980604 3.823864 -74.567337
v -4.847460 4.197260 -74.026917
v -6.804760 4.197260 -74.167580
v -6.823865 4.197260 -73.901718
v -8.055373 4.590167 -75.697845
v -6.693150 4.590167 -74.313690
v -6.505140 4.590167 -74.498718
v -8.031191 4.590167 -77.853714
v -11.227596 4.590167 -76.002937
v -9.500072 4.590167 -81.179062
v -16.698120 4.590167 -80.842575
v -14.932789 4.590167 -85.124435
v -17.145147 4.590167 -84.423859
v -16.423996 4.590167 -85.133583
v -6.764470 5.003604 -72.359138
v -6.871597 5.003604 -74.278099
v -7.132249 5.003604 -74.263550
v -5.540751 5.438644 -75.683617
v -6.715754 5.438644 -74.187874
v -6.512588 5.438644 -74.028275
v -8.623417 5.896416 -74.013733
v -6.772548 5.896416 -74.356796
v -6.819147 5.896416 -74.608200
v -5.241388 6.378107 -73.238976
v -6.840792 6.378107 -74.194168
v -6.970535 6.378107 -73.976921
v -7.247558 6.884968 -76.025703
v -6.683763 6.884968 -74.270378
v -6.445337 6.884968 -74.346954
v -7.578989 7.418313 -72.643692
v -6.850255 7.418313 -74.316422
v -7.077461 7.418313 -74.415405
v -5.121637 7.979527 -74.939690
v -6.756660 7.979527 -74.173363
v -6.652570 7.979527 -73.951279
v -8.448427 8.570065 -74.840446
v -6.732668 8.570065 -74.340836
v -6.664806 8.570065 -74.573891
v -5.911893 9.191460 -72.739166
v -6.859986 9.191460 -74.232094
v -7.062769 9.191460 -74.103317
v -6.422637 9.845324 -75.958672
v -6.694301 9.845324 -74.229645
v -6.459448 9.845324 -74.192749
v -8.148043 10.533354 -73.232811
v -6.815796 10.533354 -74.339790
v -6.966156 10.533354 -74.520744
v -5.084018 11.257335 -74.129951
v -6.797540 11.257335 -74.178528
v -6.804137 11.257335 -73.945778
v -3.781489 11.257335 -72.742477
v -2.877681 11.257335 -75.874939
v -0.813366 11.257335 -71.523109
v 3.564095 11.257335 -76.137672
v 5.057656 11.257335 -72.332130
v 6.038041 11.257335 -74.130661
v 6.012735 11.257335 -73.237907
v -7.946986 12.019145 -75.466637
v -6.705673 12.019145 -74.310272
v -6.548604 12.019145 -74.478882
v -6.693834 12.820764 -72.601776
v -6.860060 12.820764 -74.272453
v -7.086987 12.820764 -74.249878
v -5.751864 13.664267 -75.549530
v -6.720631 13.664267 -74.199615
v -6.537273 13.664267 -74.068031
v -3.930722 13.664267 -75.842850
v -5.956246 13.664267 -78.268440
v -1.340848 13.664267 -77.565163
v -2.671965 13.664267 -83.584900
v 1.194977 13.664267 -82.719620
v 0.282388 13.664267 -84.482925
v 0.985698 13.664267 -83.978195
v -8.378903 14.551845 -73.975327
v -6.776600 14.551845 -74.344887
v -6.826797 14.551845 -74.562523
v -5.397945 15.485803 -73.427368
v -6.829994 15.485803 -74.200363
v -6.934990 15.485803 -74.005852
v -7.254410 16.468561 -75.783386
v -6.695839 16.468561 -74.272827
v -6.490661 16.468561 -74.348701
v -6.501850 16.468561 -77.405251
v -9.549084 16.468561 -77.094513
v -6.479912 16.468561 -80.419907
v -12.037115 16.468561 -82.617088
v -9.243937 16.468561 -85.253433
v -11.155361 16.468561 -85.477234
v -10.368355 16.468561 -85.768250
v -7.415473 17.502670 -72.819244
v -6.842886 17.502670 -74.306702
v -7.044927 17.502670 -74.384476
v -9.034940 17.502670 -72.106285
v -6.567829 17.502670 -70.344910
v -11.022181 17.502670 -69.880875
v -8.329919 17.502670 -64.615250
v -12.128729 17.502670 -64.482704
v -10.854943 17.502670 -63.066772
v -11.629915 17.502670 -63.365093
v -5.357895 18.590813 -74.916161
v -6.755781 18.590813 -74.185402
v -6.656521 18.590813 -73.995522
v -3.688585 18.590813 -74.387070
v -4.369975 18.590813 -77.308655
v -0.757215 18.590813 -74.741219
v 0.685147 18.590813 -80.413498
v 3.594146 18.590813 -78.028366
v 3.573498 18.590813 -79.913124
v 3.954228 18.590813 -79.184822
v -8.257519 19.735815 -74.703461
v -6.741190 19.735815 -74.332466
v -6.690799 19.735815 -74.538429
v -9.151829 19.735815 -76.187920
v -10.555676 19.735815 -73.571838
v -11.561239 19.735815 -77.841293
v -16.341301 19.735815 -74.570045
v -16.943192 19.735815 -78.243950
v -18.160072 19.735815 -76.830170
v -17.966785 19.735815 -77.620178
v -5.964170 20.940643 -72.965759
v -6.848183 20.940643 -74.232742
v -7.020277 20.940643 -74.112663
v -6.270259 20.940643 -71.278183
v -3.516907 20.940643 -72.304001
v -5.561129 20.940643 -68.474564
v 0.128935 20.940643 -67.779816
v -1.825836 20.940643 -64.656769
v 0.002565 20.940643 -64.911560
v -0.657539 20.940643 -64.450989
v -6.531937 22.208427 -75.756149
v -6.703492 22.208427 -74.236885
v -6.497131 22.208427 -74.213585
v -5.201216 22.208427 -76.809822
v -7.917493 22.208427 -77.847794
v -3.895102 22.208427 -79.356400
v -7.668340 22.208427 -83.592651
v -4.174230 22.208427 -84.634933
v -5.699231 22.208427 -85.641014
v -4.907687 22.208427 -85.551628
v -7.934432 23.542458 -73.311821
v -6.813699 23.542458 -74.328400
v -6.951782 23.542458 -74.480629
v -9.611973 23.542458 -73.398994
v -8.272512 23.542458 -70.851967
v -12.247272 23.542458 -72.360924
v -12.213529 23.542458 -66.746689
v -15.490922 23.542458 -68.256721
v -15.015676 23.542458 -66.512230
v -15.545321 23.542458 -67.096138
vn -0.0000 1.0000 -0.0000
vt 1.000000 0.000000
vt 1.000000 1.000000
vt 0.000000 1.000000
vt 0.000000 0.000000
s 0
usemtl salvia_leaves
f 889/31/212 891/31/212 890/32/212 888/32/212 886/32/212 882/32/212 885/31/212 887/31/212
f 880/33/212 881/34/212 879/32/212
f 899/31/212 901/31/212 900/32/212 898/32/212 896/32/212 892/32/212 895/31/212 897/31/212
f 883/33/212 884/34/212 882/32/212
f 909/31/212 911/31/212 910/32/212 908/32/212 906/32/212 902/32/212 905/31/212 907/31/212
f 893/33/212 894/34/212 892/32/212
f 903/33/212 904/34/212 902/32/212
f 913/33/212 914/34/212 912/32/212
f 916/33/212 917/34/212 915/32/212
f 919/33/212 920/34/212 918/32/212
f 922/33/212 923/34/212 921/32/212
f 934/31/212 936/31/212 935/32/212 933/32/212 931/32/212 927/32/212 930/31/212 932/31/212
f 925/33/212 926/34/212 924/32/212
f 944/31/212 946/31/212 945/32/212 943/32/212 941/32/212 937/32/212 940/31/212 942/31/212
f 928/33/212 929/34/212 927/32/212
f 938/33/212 939/34/212 937/32/212
f 948/33/212 949/34/212 947/32/212
f 951/33/212 952/34/212 950/32/212
f 954/33/212 955/34/212 953/32/212
f 966/31/212 968/31/212 967/32/212 965/32/212 963/32/212 959/32/212 962/31/212 964/31/212
f 957/33/212 958/34/212 956/32/212
f 960/33/212 961/34/212 959/32/212
f 970/33/212 971/34/212 969/32/212
f 973/33/212 974/34/212 972/32/212
f 976/33/212 977/34/212 975/32/212
f 979/33/212 980/34/212 978/32/212
f 982/33/212 983/34/212 981/32/212
f 985/33/212 986/34/212 984/32/212
f 988/33/212 989/34/212 987/32/212
f 991/33/212 992/34/212 990/32/212
f 994/33/212 995/34/212 993/32/212
f 997/33/212 998/34/212 996/32/212
f 1009/31/212 1011/31/212 1010/32/212 1008/32/212 1006/32/212 1002/32/212 1005/31/212 1007/31/212
f 1000/33/212 1001/34/212 999/32/212
f 1003/33/212 1004/34/212 1002/32/212
f 1013/33/212 1014/34/212 1012/32/212
f 1025/31/212 1027/31/212 1026/32/212 1024/32/212 1022/32/212 1018/32/212 1021/31/212 1023/31/212
f 1016/33/212 1017/34/212 1015/32/212
f 1019/33/212 1020/34/212 1018/32/212
f 1029/33/212 1030/34/212 1028/32/212
f 1041/31/212 1043/31/212 1042/32/212 1040/32/212 1038/32/212 1034/32/212 1037/31/212 1039/31/212
f 1032/33/212 1033/34/212 1031/32/212
f 1051/31/212 1053/31/212 1052/32/212 1050/32/212 1048/32/212 1044/32/212 1047/31/212 1049/31/212
f 1035/33/212 1036/34/212 1034/32/212
f 1045/33/212 1046/34/212 1044/32/212
f 1071/31/212 1073/31/212 1072/32/212 1070/32/212 1068/32/212 1064/32/212 1067/31/212 1069/31/212
f 1055/33/212 1056/34/212 1054/32/212
f 1081/31/212 1083/31/212 1082/32/212 1080/32/212 1078/32/212 1074/32/212 1077/31/212 1079/31/212
f 1065/33/212 1066/34/212 1064/32/212
f 1075/33/212 1076/34/212 1074/32/212
f 1101/31/212 1103/31/212 1102/32/212 1100/32/212 1098/32/212 1094/32/212 1097/31/212 1099/31/212
f 1085/33/212 1086/34/212 1084/32/212
f 1095/33/212 1096/34/212 1094/32/212
o Circle.003
v -6.771237 -0.050329 -104.222473
v -7.233656 -0.050329 -103.999786
v -7.347864 -0.050329 -103.499405
v -7.027860 -0.050329 -103.098137
v -6.514615 -0.050329 -103.098137
v -6.194611 -0.050329 -103.499405
v -6.308819 -0.050329 -103.999786
v -6.771237 19.344276 -103.857750
v -6.948505 19.344276 -103.772385
v -6.992287 19.344276 -103.580566
v -6.869614 19.344276 -103.426743
v -6.672861 19.344276 -103.426743
v -6.550188 19.344276 -103.580566
v -6.593970 19.344276 -103.772385
vn -0.0000 -1.0000 -0.0000
vn -0.0000 1.0000 -0.0000
vn -0.7817 0.0169 0.6234
vn -0.4338 0.0169 -0.9008
vn -0.9748 0.0169 -0.2225
vn 0.7817 0.0169 0.6234
vn 0.9748 0.0169 -0.2225
vn -0.0000 0.0169 0.9999
vn 0.4338 0.0169 -0.9008
vt 0.000000 0.000000
s 0
usemtl slavia_stem
f 1105/35/213 1104/35/213 1110/35/213 1109/35/213 1108/35/213 1107/35/213 1106/35/213
f 1112/35/214 1113/35/214 1114/35/214 1115/35/214 1116/35/214 1117/35/214 1111/35/214
f 1114/35/215 1113/35/215 1106/35/215 1107/35/215
f 1112/35/216 1111/35/216 1104/35/216 1105/35/216
f 1106/35/217 1113/35/217 1112/35/217 1105/35/217
f 1116/35/218 1115/35/218 1108/35/218 1109/35/218
f 1110/35/219 1117/35/219 1116/35/219 1109/35/219
f 1108/35/220 1115/35/220 1114/35/220 1107/35/220
f 1104/35/221 1111/35/221 1117/35/221 1110/35/221
o Plane.003
v -7.900910 0.180087 -102.906387
v -6.797820 0.180087 -103.671631
v -6.901762 0.180087 -103.821465
v -5.474711 0.293990 -103.393234
v -6.794559 0.293990 -103.545883
v -6.815293 0.293990 -103.366608
v -4.562184 0.293990 -102.234360
v -3.653813 0.293990 -104.592384
v -2.352257 0.293990 -101.093369
v 1.337918 0.293990 -104.362396
v 2.235469 0.293990 -101.323555
v 3.113336 0.293990 -102.646423
v 3.033806 0.293990 -101.958778
v -7.595559 0.413844 -104.617744
v -6.714770 0.413844 -103.641441
v -6.582159 0.413844 -103.761078
v -6.820433 0.539961 -102.321411
v -6.836523 0.539961 -103.622612
v -7.013264 0.539961 -103.620422
v -5.895006 0.672668 -104.534248
v -6.733757 0.672668 -103.556999
v -6.601017 0.672668 -103.443069
v -8.029278 0.812309 -103.495247
v -6.767211 0.812309 -103.672935
v -6.791347 0.812309 -103.844360
v -5.764324 0.959247 -102.871819
v -6.818151 0.959247 -103.564926
v -6.912296 0.959247 -103.421783
v -7.039496 1.113862 -104.815788
v -6.709693 1.113862 -103.611870
v -6.546165 1.113862 -103.656662
v -7.363040 1.276557 -102.537819
v -6.820961 1.276557 -103.647903
v -6.971743 1.276557 -103.721535
v -5.633358 1.447752 -104.018715
v -6.761853 1.447752 -103.548386
v -6.697968 1.447752 -103.395103
v -7.886622 1.627893 -104.049324
v -6.740705 1.627893 -103.660965
v -6.687954 1.627893 -103.816612
v -8.477422 1.627893 -105.255653
v -9.737206 1.627893 -103.329956
v -10.226770 1.627893 -106.694221
v -14.137556 1.627893 -104.489502
v -14.355438 1.627893 -107.366783
v -15.390066 1.627893 -106.356888
v -15.187731 1.627893 -106.953911
v -6.232558 1.817447 -102.553436
v -6.830021 1.817447 -103.591148
v -6.970973 1.817447 -103.509995
v -6.483462 2.016905 -104.746216
v -6.718018 2.016905 -103.584625
v -6.560240 2.016905 -103.552765
v -7.730659 2.226785 -102.953041
v -6.796966 2.226785 -103.662697
v -6.893358 2.226785 -103.789520
v -5.631699 2.447633 -103.469887
v -6.789354 2.447633 -103.553078
v -6.800654 2.447633 -103.395836
v -7.529036 2.680020 -104.458160
v -6.723342 2.680020 -103.639496
v -6.612143 2.680020 -103.748932
v -6.765524 2.924549 -102.483467
v -6.828885 2.924549 -103.618446
v -6.983049 2.924549 -103.609840
v -6.041749 3.181855 -104.449745
v -6.736711 3.181855 -103.565086
v -6.616547 3.181855 -103.470688
v -7.865008 3.452607 -103.462082
v -6.770302 3.452607 -103.664993
v -6.797863 3.452607 -103.813690
v -5.864690 3.737506 -103.003853
v -6.810665 3.737506 -103.568802
v -6.887403 3.737506 -103.440315
v -7.051249 4.037292 -104.652077
v -6.717790 4.037292 -103.613876
v -6.576772 4.037292 -103.659172
v -7.247276 4.352741 -102.651764
v -6.816262 4.352741 -103.641113
v -6.950644 4.352741 -103.699654
v -5.793862 4.684674 -104.009750
v -6.760905 4.684674 -103.556503
v -6.699341 4.684674 -103.425148
v -7.761510 5.033951 -103.951050
v -6.746715 5.033951 -103.655556
v -6.706578 5.033951 -103.793396
v -6.261263 5.401478 -102.708237
v -6.822018 5.401478 -103.591240
v -6.941955 5.401478 -103.515068
v -6.563345 5.788209 -104.612434
v -6.724023 5.788209 -103.589790
v -6.585118 5.788209 -103.567963
v -7.583846 6.195149 -103.000206
v -6.795882 6.195149 -103.654930
v -6.884813 6.195149 -103.761963
v -5.771612 6.623351 -103.530830
v -6.785084 6.623351 -103.559555
v -6.788986 6.623351 -103.421898
v -5.001225 6.623351 -102.710197
v -4.466662 6.623351 -104.562904
v -3.245712 6.623351 -101.988998
v -0.656641 6.623351 -104.718300
v 0.226735 6.623351 -102.467491
v 0.806589 6.623351 -103.531242
v 0.791622 6.623351 -103.003220
v -7.464930 7.073928 -104.321411
v -6.730749 7.073928 -103.637474
v -6.637850 7.073928 -103.737198
v -6.723746 7.548049 -102.626976
v -6.822062 7.548049 -103.615105
v -6.956279 7.548049 -103.601753
v -6.166613 8.046945 -104.370438
v -6.739596 8.046945 -103.572029
v -6.631147 8.046945 -103.494202
v -5.089489 8.046945 -104.543930
v -6.287496 8.046945 -105.978554
v -3.557694 8.046945 -105.562599
v -4.344991 8.046945 -109.123009
v -2.057867 8.046945 -108.611229
v -2.597623 8.046945 -109.654144
v -2.181647 8.046945 -109.355621
v -7.720389 8.571907 -103.439369
v -6.772699 8.571907 -103.657951
v -6.802388 8.571907 -103.786674
v -5.957286 9.124302 -103.115280
v -6.804279 9.124302 -103.572472
v -6.866379 9.124302 -103.457428
v -7.055302 9.705559 -104.508759
v -6.724932 9.705559 -103.615334
v -6.603579 9.705559 -103.660202
v -6.610197 9.705559 -105.468018
v -8.412499 9.705559 -105.284225
v -6.597221 9.705559 -107.251053
v -9.884058 9.705559 -108.550583
v -8.232018 9.705559 -110.109871
v -9.362540 9.705559 -110.242233
v -8.897061 9.705559 -110.414360
v -7.150564 10.317188 -102.755600
v -6.811904 10.317188 -103.635361
v -6.931402 10.317188 -103.681366
v -5.933599 10.960776 -103.995834
v -6.760385 10.960776 -103.563622
v -6.701678 10.960776 -103.451317
v -4.946276 10.960776 -103.682899
v -5.349288 10.960776 -105.410889
v -3.212502 10.960776 -103.892365
v -2.359409 10.960776 -107.247261
v -0.638866 10.960776 -105.836563
v -0.651079 10.960776 -106.951309
v -0.425894 10.960776 -106.520554
v -7.648596 11.637993 -103.870033
v -6.751756 11.637993 -103.650604
v -6.721951 11.637993 -103.772423
v -8.177540 11.637993 -104.748024
v -9.007853 11.637993 -103.200729
v -9.602598 11.637993 -105.725922
v -12.429792 11.637993 -103.791122
v -12.785782 11.637993 -105.964073
v -13.505515 11.637993 -105.127884
v -13.391193 11.637993 -105.595139
v -6.292183 12.350595 -102.842255
v -6.815037 12.350595 -103.591621
v -6.916823 12.350595 -103.520599
v -6.627991 13.100433 -104.492645
v -6.729459 13.100433 -103.594070
v -6.607405 13.100433 -103.580292
v -5.840929 13.100433 -105.115852
v -7.447486 13.100433 -105.729759
v -5.068421 13.100433 -106.622040
v -7.300123 13.100433 -109.127586
v -5.233513 13.100433 -109.744049
v -6.135483 13.100433 -110.339104
v -5.667320 13.100433 -110.286240
v -7.457504 13.889452 -103.046936
v -6.794641 13.889452 -103.648201
v -6.876311 13.889452 -103.738235
v -8.449696 13.889452 -103.098495
v -7.657464 13.889452 -101.592041
v -10.008356 13.889452 -102.484520
v -9.988400 13.889452 -99.163956
v -11.926830 13.889452 -100.057076
v -11.645744 13.889452 -99.025284
v -11.959005 13.889452 -99.370636
vn -0.0000 1.0000 -0.0000
vt 1.000000 0.000000
vt 1.000000 1.000000
vt 0.000000 1.000000
vt 0.000000 0.000000
s 0
usemtl salvia_leaves
f 1128/36/222 1130/36/222 1129/37/222 1127/37/222 1125/37/222 1121/37/222 1124/36/222 1126/36/222
f 1119/38/222 1120/39/222 1118/37/222
f 1122/38/222 1123/39/222 1121/37/222
f 1132/38/222 1133/39/222 1131/37/222
f 1135/38/222 1136/39/222 1134/37/222
f 1138/38/222 1139/39/222 1137/37/222
f 1141/38/222 1142/39/222 1140/37/222
f 1144/38/222 1145/39/222 1143/37/222
f 1147/38/222 1148/39/222 1146/37/222
f 1150/38/222 1151/39/222 1149/37/222
f 1162/36/222 1164/36/222 1163/37/222 1161/37/222 1159/37/222 1155/37/222 1158/36/222 1160/36/222
f 1153/38/222 1154/39/222 1152/37/222
f 1156/38/222 1157/39/222 1155/37/222
f 1166/38/222 1167/39/222 1165/37/222
f 1169/38/222 1170/39/222 1168/37/222
f 1172/38/222 1173/39/222 1171/37/222
f 1175/38/222 1176/39/222 1174/37/222
f 1178/38/222 1179/39/222 1177/37/222
f 1181/38/222 1182/39/222 1180/37/222
f 1184/38/222 1185/39/222 1183/37/222
f 1187/38/222 1188/39/222 1186/37/222
f 1190/38/222 1191/39/222 1189/37/222
f 1193/38/222 1194/39/222 1192/37/222
f 1196/38/222 1197/39/222 1195/37/222
f 1199/38/222 1200/39/222 1198/37/222
f 1202/38/222 1203/39/222 1201/37/222
f 1205/38/222 1206/39/222 1204/37/222
f 1208/38/222 1209/39/222 1207/37/222
f 1220/36/222 1222/36/222 1221/37/222 1219/37/222 1217/37/222 1213/37/222 1216/36/222 1218/36/222
f 1211/38/222 1212/39/222 1210/37/222
f 1214/38/222 1215/39/222 1213/37/222
f 1224/38/222 1225/39/222 1223/37/222
f 1236/36/222 1238/36/222 1237/37/222 1235/37/222 1233/37/222 1229/37/222 1232/36/222 1234/36/222
f 1227/38/222 1228/39/222 1226/37/222
f 1230/38/222 1231/39/222 1229/37/222
f 1240/38/222 1241/39/222 1239/37/222
f 1252/36/222 1254/36/222 1253/37/222 1251/37/222 1249/37/222 1245/37/222 1248/36/222 1250/36/222
f 1243/38/222 1244/39/222 1242/37/222
f 1246/38/222 1247/39/222 1245/37/222
f 1256/38/222 1257/39/222 1255/37/222
f 1275/36/222 1277/36/222 1276/37/222 1274/37/222 1272/37/222 1268/37/222 1271/36/222 1273/36/222
f 1259/38/222 1260/39/222 1258/37/222
f 1269/38/222 1270/39/222 1268/37/222
f 1279/38/222 1280/39/222 1278/37/222
f 1298/36/222 1300/36/222 1299/37/222 1297/37/222 1295/37/222 1291/37/222 1294/36/222 1296/36/222
f 1282/38/222 1283/39/222 1281/37/222
f 1292/38/222 1293/39/222 1291/37/222
o Sphere.001
v -0.433218 38.048248 -0.986774
v 0.109948 38.394695 -0.591324
v 0.622842 37.985115 0.533444
v -0.078822 36.800850 0.773960
v -0.776701 38.383163 0.257916
v -0.400621 37.393307 0.999123
v -1.086668 37.756107 -0.802881
v -1.313324 36.951859 0.191137
v -0.536189 37.348858 -1.202199
v -0.532145 36.678379 -0.999069
v -0.422630 36.292912 -0.454972
v 0.664472 37.316963 -0.787512
v 0.490073 36.734360 0.353014
v 1.972631 39.717712 -1.403267
v 1.426137 39.862526 -1.010896
v 0.260149 39.270264 -1.066864
v 0.316159 38.354195 -2.000200
v 0.896220 40.058674 -2.065473
v 0.162778 38.986271 -2.225003
v 2.010213 39.622665 -2.083807
v 1.205204 38.882168 -2.802871
v 2.246999 39.107368 -1.563831
v 2.100210 38.469742 -1.777070
v 1.588332 38.048393 -1.961532
v 1.516134 38.709602 -0.704158
v 0.545906 38.152500 -1.383664
v 1.554632 40.606667 1.137094
v 1.339895 40.876549 0.566523
v 1.767797 40.662350 -0.526050
v 2.675867 39.844669 -0.342787
v 2.459337 41.270782 0.537167
v 2.888525 40.490585 -0.256254
v 2.181108 40.545479 1.391176
v 3.128909 40.126667 0.808266
v 1.662986 39.967903 1.294930
v 1.944088 39.427601 1.109846
v 2.290569 39.192131 0.652538
v 1.102875 39.758671 0.285194
v 2.050185 39.556049 -0.411982
v -0.737484 41.412769 0.068876
v -0.163148 41.758068 0.149020
v 0.739960 41.496864 0.854250
v 0.358814 40.463551 1.380271
v -0.485754 41.805813 1.190116
v 0.175617 40.999790 1.667992
v -1.150967 41.161583 0.494402
v -0.858364 40.531731 1.413089
v -0.874534 40.777309 -0.033251
v -0.749861 40.203285 0.154086
v -0.411086 39.909962 0.559330
v 0.237958 40.799774 -0.191295
v 0.622896 40.378021 0.814233
v 0.866735 42.882389 -1.313355
v 0.603768 43.034882 -0.782418
v -0.295680 42.492462 -0.327113
v -0.607116 41.609055 -1.059021
v -0.271495 43.113564 -1.416114
v -0.855136 42.145412 -1.201123
v 0.607954 42.743046 -1.868533
v -0.288907 42.020264 -2.084485
v 1.041802 42.335064 -1.529382
v 0.868518 41.753613 -1.614321
v 0.413073 41.360130 -1.535727
v 0.864332 42.045448 -0.528205
v -0.153156 41.485279 -0.652365
v 1.589858 43.869434 0.851219
v 1.163859 44.057289 0.472428
v 1.036993 43.784313 -0.566607
v 1.862689 43.091274 -0.758638
v 2.000530 44.417542 -0.024121
v 2.032188 43.670490 -0.802155
v 2.188822 43.845013 0.800652
v 2.695416 43.440838 -0.035530
v 1.774436 43.321053 0.958492
v 1.940618 42.833519 0.717335
v 2.024927 42.593052 0.219861
v 0.915656 43.045795 0.389111
v 1.361699 42.822704 -0.546764
v -0.690872 44.460434 0.902308
v -0.227933 44.779152 0.717899
v 0.790158 44.619438 0.922654
v 0.773086 43.747051 1.539761
v -0.032966 44.902641 1.679428
v 0.727306 44.240799 1.823064
v -0.816115 44.268524 1.421171
v -0.161540 43.793224 2.060572
v -0.808895 43.890179 0.902060
v -0.602246 43.401501 1.023649
v -0.149858 43.181053 1.220632
v -0.014064 43.912128 0.320377
v 0.738988 43.628628 0.983124
v -0.114548 45.663399 -0.915851
v -0.098096 45.837952 -0.390378
v -0.573105 45.385235 0.362438
v -1.084903 44.542202 -0.059741
v -1.054492 45.843105 -0.542093
v -1.365965 44.999737 -0.093299
v -0.547294 45.491318 -1.248037
v -1.299924 44.824364 -1.025284
v -0.043671 45.165680 -1.138121
v -0.185188 44.643944 -1.111989
v -0.485045 44.297474 -0.847437
v 0.264011 44.990582 -0.254329
v -0.551085 44.472847 0.084549
v 1.328106 46.721478 0.478395
v 0.824730 46.849976 0.342384
v 0.293051 46.522049 -0.424874
v 0.886956 45.906788 -0.888001
v 1.242515 47.137913 -0.410465
v 0.970381 46.415913 -1.015107
v 1.772754 46.703964 0.194252
v 1.826987 46.285789 -0.664558
v 1.545525 46.249607 0.510532
v 1.595644 45.802383 0.269434
v 1.459322 45.550629 -0.152805
v 0.647620 45.948402 0.417567
v 0.602716 45.680752 -0.503356
v -0.451242 47.215355 1.427504
v -0.187288 47.487320 1.078346
v 0.699602 47.377354 0.832299
v 0.996270 46.659248 1.366994
v 0.371541 47.678062 1.761827
v 1.057472 47.117065 1.592316
v -0.315494 47.087303 1.900792
v 0.492160 46.730118 2.163045
v -0.513975 46.711220 1.498261
v -0.276296 46.293442 1.530437
v 0.171009 46.121593 1.511738
v -0.148090 46.693455 0.707990
v 0.736323 46.508545 0.941009
v -0.847179 48.133385 -0.308266
v -0.617201 48.330742 0.097799
v -0.639148 47.987385 0.911273
v -1.175341 47.202724 0.816758
v -1.425488 48.309727 0.367169
v -1.431349 47.599297 0.886548
v -1.317418 47.948456 -0.389942
v -1.772124 47.368835 0.122091
v -0.862428 47.677444 -0.494930
v -0.934527 47.217915 -0.395435
v -1.035935 46.930325 -0.047783
v -0.234309 47.600201 0.092307
v -0.695159 47.160789 0.716674
v 0.819218 49.200375 0.173830
v 0.363228 49.295525 0.265731
v -0.363101 48.936054 -0.116843
v -0.069807 48.363815 -0.704916
v 0.349108 49.492893 -0.517818
v -0.085627 48.803116 -0.860832
v 1.043174 49.167583 -0.234118
v 0.737074 48.729038 -0.925619
v 1.025917 48.790180 0.129479
v 0.983876 48.376900 -0.065757
v 0.709152 48.118393 -0.337305
v 0.303931 48.504845 0.434094
v -0.113548 48.192467 -0.272517
v -0.179429 49.689529 1.639291
v -0.138512 49.904007 1.241696
v 0.449992 49.798923 0.687173
v 0.947003 49.214260 1.021700
v 0.579841 50.136055 1.551726
v 1.068171 49.637093 1.158429
v 0.136148 49.617561 1.966991
v 0.894402 49.335449 1.860726
v -0.172038 49.250267 1.741541
v 0.047658 48.888020 1.686786
v 0.395745 48.741154 1.495941
v -0.227003 49.174461 0.961491
v 0.569514 49.042797 0.793643
vn 0.5154 -0.1334 0.8465
vn 0.6022 0.7982 0.0161
vn -0.3956 0.8536 -0.3389
vn -0.6736 -0.2180 -0.7062
vn -0.4171 -0.5120 0.7509
vn -0.7010 -0.6408 -0.3129
vn 0.8729 -0.4754 -0.1094
vn 0.3074 -0.2742 -0.9112
vn -0.3874 0.3230 -0.8635
vn -0.1455 -0.8993 0.4124
vn 0.3580 0.2961 -0.8855
vn -0.9774 0.0151 -0.2107
vn 0.4625 -0.6769 -0.5726
vn -0.3848 0.4551 0.8030
vn -0.9505 -0.2484 0.1867
vn -0.3344 0.5888 0.7358
vn 0.3220 0.9461 -0.0362
vn 0.8884 -0.0520 -0.4561
vn -0.4753 -0.3950 -0.7862
vn 0.5933 -0.4202 -0.6866
vn -0.1259 -0.6715 0.7302
vn 0.7873 -0.3508 0.5070
vn 0.9114 0.4116 -0.0072
vn -0.1853 -0.8363 -0.5161
vn 0.6660 0.1973 0.7194
vn 0.5143 0.2403 -0.8232
vn 0.4760 -0.7668 0.4306
vn -0.6826 0.5401 -0.4923
vn 0.1910 -0.0078 -0.9815
vn -0.6546 0.6512 -0.3840
vn -0.2243 0.8036 0.5514
vn 0.1187 -0.2659 0.9567
vn 0.9181 -0.2625 -0.2970
vn 0.4980 -0.5574 0.6643
vn -0.5415 -0.6346 -0.5514
vn -0.6912 -0.5285 0.4929
vn -0.3566 0.1667 0.9193
vn 0.6446 -0.7295 -0.2287
vn -0.8968 0.0347 0.4411
vn 0.5535 0.1021 0.8266
vn -0.4554 -0.8835 0.1099
vn 0.6210 0.7001 -0.3525
vn 0.8639 -0.0644 0.4995
vn 0.4909 0.8063 -0.3300
vn -0.5512 0.8183 -0.1631
vn -0.9184 -0.2880 -0.2714
vn -0.0028 -0.4735 0.8808
vn -0.7251 -0.6790 0.1147
vn 0.7507 -0.4556 -0.4785
vn -0.1261 -0.3324 -0.9347
vn -0.7647 0.2597 -0.5897
vn 0.1062 -0.8677 0.4855
vn -0.0992 0.2509 -0.9629
vn -0.9577 -0.0273 0.2863
vn 0.1930 -0.7111 -0.6761
vn -0.0048 0.5071 0.8619
vn -0.7346 -0.2602 0.6266
vn 0.0023 0.6407 0.7678
vn 0.2144 0.9435 -0.2527
vn 0.5823 -0.0550 -0.8111
vn -0.7718 -0.4703 -0.4281
vn 0.2438 -0.4534 -0.8573
vn 0.2550 -0.6265 0.7365
vn 0.9516 -0.2958 0.0831
vn 0.7714 0.4314 -0.4678
vn -0.3552 -0.8862 -0.2974
vn 0.9194 0.2678 0.2883
vn 0.0719 0.2026 -0.9766
vn 0.6602 -0.7247 0.1973
vn -0.8616 0.4894 -0.1348
vn -0.2794 -0.0675 -0.9578
vn -0.7919 0.6074 -0.0629
vn 0.0049 0.8465 0.5323
vn 0.5631 -0.2041 0.8008
vn 0.6927 -0.2534 -0.6752
vn 0.7787 -0.5029 0.3751
vn -0.7010 -0.6929 -0.1689
vn -0.3563 -0.5090 0.7835
vn 0.0910 0.2206 0.9711
vn 0.5121 -0.7281 -0.4556
vn -0.5950 0.0366 0.8029
vn 0.8773 0.1758 0.4465
vn -0.3012 -0.8775 0.3731
vn 0.3472 0.6835 -0.6421
vn 0.9998 -0.0064 0.0186
vn 0.2380 0.7865 -0.5699
vn -0.6086 0.7908 0.0652
vn -0.9158 -0.3305 0.2281
vn 0.4258 -0.4203 0.8013
vn -0.5449 -0.6812 0.4889
vn 0.4787 -0.4669 -0.7436
vn -0.5315 -0.4093 -0.7417
vn -0.9667 0.2001 -0.1593
vn 0.3604 -0.8289 0.4278
vn -0.5477 0.1891 -0.8151
vn -0.7117 -0.0365 0.7015
vn -0.0960 -0.7655 -0.6362
vn 0.3670 0.5795 0.7277
vn -0.3522 -0.2393 0.9048
vn 0.3209 0.7085 0.6285
vn 0.0233 0.9226 -0.3851
vn 0.1555 -0.0915 -0.9836
vn -0.8527 -0.5210 0.0376
vn -0.1491 -0.5154 -0.8439
vn 0.5975 -0.5742 0.5598
vn 0.8945 -0.2608 -0.3631
vn 0.4430 0.4174 -0.7934
vn -0.4002 -0.9162 -0.0201
vn 0.9260 0.3117 -0.2129
vn -0.3960 0.1439 -0.9069
vn 0.7156 -0.6920 -0.0951
vn -0.8514 0.4541 0.2624
vn -0.6960 -0.1419 -0.7039
vn -0.7648 0.5791 0.2824
vn 0.2002 0.8945 0.3998
vn 0.8875 -0.1377 0.4398
vn 0.3271 -0.2790 -0.9029
vn 0.8899 -0.4559 -0.0155
vn -0.6537 -0.7175 0.2404
vn 0.0657 -0.4678 0.8814
vn 0.5227 0.2953 0.7997
vn 0.2931 -0.7508 -0.5919
vn -0.1695 0.0718 0.9829
vn 0.9716 0.2309 -0.0511
vn -0.0493 -0.8508 0.5232
vn -0.0197 0.6463 -0.7629
vn 0.8875 0.0241 -0.4601
vn -0.0891 0.7493 -0.6562
vn -0.5562 0.7782 0.2918
vn -0.6806 -0.3371 0.6505
vn 0.7733 -0.3602 0.5218
vn -0.2217 -0.6556 0.7218
vn 0.1177 -0.5104 -0.8518
vn -0.7990 -0.4822 -0.3591
vn -0.9365 0.1603 0.3120
vn 0.5588 -0.7892 0.2547
vn -0.8799 0.1219 -0.4592
vn -0.3136 -0.0120 0.9495
vn -0.3360 -0.8253 -0.4538
vn 0.6352 0.6510 0.4156
vn 0.1102 -0.1927 0.9750
vn 0.5379 0.7713 0.3401
vn -0.2032 0.8908 -0.4065
vn -0.3087 -0.1548 -0.9385
vn -0.6998 -0.5350 0.4733
vn -0.4984 -0.5910 -0.6343
vn 0.8191 -0.5224 0.2369
vn 0.6429 -0.2571 -0.7215
vn 0.0119 0.3785 -0.9255
vn -0.3101 -0.9199 0.2398
vn 0.6975 0.3200 -0.6412
vn -0.7862 0.0749 -0.6134
vn 0.6320 -0.6776 -0.3762
vn -0.6626 0.4456 0.6020
vn -0.9412 -0.2112 -0.2639
vn -0.5855 0.5762 0.5703
vn 0.3104 0.9327 0.1835
vn 0.9958 -0.0829 -0.0388
vn -0.1040 -0.3360 -0.9361
vn 0.8063 -0.4291 -0.4072
vn -0.4243 -0.7085 0.5639
vn 0.4877 -0.4130 0.7691
vn 0.8264 0.3706 0.4239
vn 0.0358 -0.7945 -0.6062
vn 0.2966 0.1341 0.9455
vn 0.8153 0.2526 -0.5211
vn 0.2384 -0.8124 0.5322
vn -0.3990 0.5974 -0.6957
vn 0.5745 0.0202 -0.8182
vn -0.4170 0.7033 -0.5758
vn -0.4084 0.7856 0.4649
vn -0.2896 -0.3124 0.9047
vn 0.9468 -0.3047 0.1034
vn 0.1651 -0.6129 0.7728
vn -0.2586 -0.5783 -0.7737
vn -0.8423 -0.5276 0.1106
vn -0.6951 0.1519 0.7027
vn 0.6551 -0.7555 0.0078
vn -0.9976 0.0662 0.0197
vn 0.1537 0.0413 0.9873
vn -0.4606 -0.8712 -0.1697
vn 0.7164 0.6977 0.0043
vt 0.700000 0.000000
vt 0.800000 0.200000
vt 0.600000 0.400000
vt 0.400000 0.200000
vt 0.800000 0.600000
vt 0.600000 0.800000
vt 0.400000 0.600000
vt 0.300000 1.000000
vt 0.200000 0.800000
vt 0.000000 0.800000
vt 0.000000 0.600000
vt 0.200000 0.400000
vt 0.300000 0.000000
vt 0.000000 0.400000
vt 1.000000 0.400000
vt 1.000000 0.600000
vt 1.000000 0.800000
vt 0.100000 1.000000
vt 0.700000 1.000000
s 0
usemtl salvia_purplle
f 1304/40/223 1313/41/223 1303/42/223 1306/43/223
f 1303/42/224 1312/44/224 1302/45/224 1305/46/224
f 1301/47/225 1307/48/225 1305/46/225 1302/45/225
f 1307/48/226 1309/49/226 1310/50/226
f 1306/43/227 1308/51/227 1304/52/227
f 1311/53/228 1308/51/228 1310/50/228
f 1311/54/229 1312/44/229 1303/42/229 1313/41/229
f 1310/55/230 1309/56/230 1312/44/230
f 1307/48/231 1301/57/231 1309/49/231
f 1304/52/232 1308/51/232 1311/54/232 1313/41/232
f 1301/58/233 1302/45/233 1312/44/233 1309/56/233
f 1305/46/234 1307/48/234 1310/50/234 1308/51/234
f 1311/54/235 1310/55/235 1312/44/235
f 1303/42/236 1305/46/236 1308/51/236 1306/43/236
f 1317/40/237 1326/41/237 1316/42/237 1319/43/237
f 1316/42/238 1325/44/238 1315/45/238 1318/46/238
f 1314/47/239 1320/48/239 1318/46/239 1315/45/239
f 1320/48/240 1322/49/240 1323/50/240
f 1319/43/241 1321/51/241 1317/52/241
f 1324/53/242 1321/51/242 1323/50/242
f 1324/54/243 1325/44/243 1316/42/243 1326/41/243
f 1323/55/244 1322/56/244 1325/44/244
f 1320/48/245 1314/57/245 1322/49/245
f 1317/52/246 1321/51/246 1324/54/246 1326/41/246
f 1314/58/247 1315/45/247 1325/44/247 1322/56/247
f 1318/46/248 1320/48/248 1323/50/248 1321/51/248
f 1324/54/249 1323/55/249 1325/44/249
f 1316/42/250 1318/46/250 1321/51/250 1319/43/250
f 1330/40/251 1339/41/251 1329/42/251 1332/43/251
f 1329/42/252 1338/44/252 1328/45/252 1331/46/252
f 1327/47/253 1333/48/253 1331/46/253 1328/45/253
f 1333/48/254 1335/49/254 1336/50/254
f 1332/43/255 1334/51/255 1330/52/255
f 1337/53/256 1334/51/256 1336/50/256
f 1337/54/257 1338/44/257 1329/42/257 1339/41/257
f 1336/55/258 1335/56/258 1338/44/258
f 1333/48/259 1327/57/259 1335/49/259
f 1330/52/260 1334/51/260 1337/54/260 1339/41/260
f 1327/58/261 1328/45/261 1338/44/261 1335/56/261
f 1331/46/262 1333/48/262 1336/50/262 1334/51/262
f 1337/54/263 1336/55/263 1338/44/263
f 1329/42/264 1331/46/264 1334/51/264 1332/43/264
f 1343/40/265 1352/41/265 1342/42/265 1345/43/265
f 1342/42/266 1351/44/266 1341/45/266 1344/46/266
f 1340/47/267 1346/48/267 1344/46/267 1341/45/267
f 1346/48/268 1348/49/268 1349/50/268
f 1345/43/269 1347/51/269 1343/52/269
f 1350/53/270 1347/51/270 1349/50/270
f 1350/54/271 1351/44/271 1342/42/271 1352/41/271
f 1349/55/272 1348/56/272 1351/44/272
f 1346/48/273 1340/57/273 1348/49/273
f 1343/52/274 1347/51/274 1350/54/274 1352/41/274
f 1340/58/275 1341/45/275 1351/44/275 1348/56/275
f 1344/46/276 1346/48/276 1349/50/276 1347/51/276
f 1350/54/277 1349/55/277 1351/44/277
f 1342/42/278 1344/46/278 1347/51/278 1345/43/278
f 1356/40/279 1365/41/279 1355/42/279 1358/43/279
f 1355/42/280 1364/44/280 1354/45/280 1357/46/280
f 1353/47/281 1359/48/281 1357/46/281 1354/45/281
f 1359/48/282 1361/49/282 1362/50/282
f 1358/43/283 1360/51/283 1356/52/283
f 1363/53/284 1360/51/284 1362/50/284
f 1363/54/285 1364/44/285 1355/42/285 1365/41/285
f 1362/55/286 1361/56/286 1364/44/286
f 1359/48/287 1353/57/287 1361/49/287
f 1356/52/288 1360/51/288 1363/54/288 1365/41/288
f 1353/58/289 1354/45/289 1364/44/289 1361/56/289
f 1357/46/290 1359/48/290 1362/50/290 1360/51/290
f 1363/54/291 1362/55/291 1364/44/291
f 1355/42/292 1357/46/292 1360/51/292 1358/43/292
f 1369/40/293 1378/41/293 1368/42/293 1371/43/293
f 1368/42/294 1377/44/294 1367/45/294 1370/46/294
f 1366/47/295 1372/48/295 1370/46/295 1367/45/295
f 1372/48/296 1374/49/296 1375/50/296
f 1371/43/297 1373/51/297 1369/52/297
f 1376/53/298 1373/51/298 1375/50/298
f 1376/54/299 1377/44/299 1368/42/299 1378/41/299
f 1375/55/300 1374/56/300 1377/44/300
f 1372/48/301 1366/57/301 1374/49/301
f 1369/52/302 1373/51/302 1376/54/302 1378/41/302
f 1366/58/303 1367/45/303 1377/44/303 1374/56/303
f 1370/46/304 1372/48/304 1375/50/304 1373/51/304
f 1376/54/305 1375/55/305 1377/44/305
f 1368/42/306 1370/46/306 1373/51/306 1371/43/306
f 1382/40/307 1391/41/307 1381/42/307 1384/43/307
f 1381/42/308 1390/44/308 1380/45/308 1383/46/308
f 1379/47/309 1385/48/309 1383/46/309 1380/45/309
f 1385/48/310 1387/49/310 1388/50/310
f 1384/43/311 1386/51/311 1382/52/311
f 1389/53/312 1386/51/312 1388/50/312
f 1389/54/313 1390/44/313 1381/42/313 1391/41/313
f 1388/55/314 1387/56/314 1390/44/314
f 1385/48/315 1379/57/315 1387/49/315
f 1382/52/316 1386/51/316 1389/54/316 1391/41/316
f 1379/58/317 1380/45/317 1390/44/317 1387/56/317
f 1383/46/318 1385/48/318 1388/50/318 1386/51/318
f 1389/54/319 1388/55/319 1390/44/319
f 1381/42/320 1383/46/320 1386/51/320 1384/43/320
f 1395/40/321 1404/41/321 1394/42/321 1397/43/321
f 1394/42/322 1403/44/322 1393/45/322 1396/46/322
f 1392/47/323 1398/48/323 1396/46/323 1393/45/323
f 1398/48/324 1400/49/324 1401/50/324
f 1397/43/325 1399/51/325 1395/52/325
f 1402/53/326 1399/51/326 1401/50/326
f 1402/54/327 1403/44/327 1394/42/327 1404/41/327
f 1401/55/328 1400/56/328 1403/44/328
f 1398/48/329 1392/57/329 1400/49/329
f 1395/52/330 1399/51/330 1402/54/330 1404/41/330
f 1392/58/331 1393/45/331 1403/44/331 1400/56/331
f 1396/46/332 1398/48/332 1401/50/332 1399/51/332
f 1402/54/333 1401/55/333 1403/44/333
f 1394/42/334 1396/46/334 1399/51/334 1397/43/334
f 1408/40/335 1417/41/335 1407/42/335 1410/43/335
f 1407/42/336 1416/44/336 1406/45/336 1409/46/336
f 1405/47/337 1411/48/337 1409/46/337 1406/45/337
f 1411/48/338 1413/49/338 1414/50/338
f 1410/43/339 1412/51/339 1408/52/339
f 1415/53/340 1412/51/340 1414/50/340
f 1415/54/341 1416/44/341 1407/42/341 1417/41/341
f 1414/55/342 1413/56/342 1416/44/342
f 1411/48/343 1405/57/343 1413/49/343
f 1408/52/344 1412/51/344 1415/54/344 1417/41/344
f 1405/58/345 1406/45/345 1416/44/345 1413/56/345
f 1409/46/346 1411/48/346 1414/50/346 1412/51/346
f 1415/54/347 1414/55/347 1416/44/347
f 1407/42/348 1409/46/348 1412/51/348 1410/43/348
f 1421/40/349 1430/41/349 1420/42/349 1423/43/349
f 1420/42/350 1429/44/350 1419/45/350 1422/46/350
f 1418/47/351 1424/48/351 1422/46/351 1419/45/351
f 1424/48/352 1426/49/352 1427/50/352
f 1423/43/353 1425/51/353 1421/52/353
f 1428/53/354 1425/51/354 1427/50/354
f 1428/54/355 1429/44/355 1420/42/355 1430/41/355
f 1427/55/356 1426/56/356 1429/44/356
f 1424/48/357 1418/57/357 1426/49/357
f 1421/52/358 1425/51/358 1428/54/358 1430/41/358
f 1418/58/359 1419/45/359 1429/44/359 1426/56/359
f 1422/46/360 1424/48/360 1427/50/360 1425/51/360
f 1428/54/361 1427/55/361 1429/44/361
f 1420/42/362 1422/46/362 1425/51/362 1423/43/362
f 1434/40/363 1443/41/363 1433/42/363 1436/43/363
f 1433/42/364 1442/44/364 1432/45/364 1435/46/364
f 1431/47/365 1437/48/365 1435/46/365 1432/45/365
f 1437/48/366 1439/49/366 1440/50/366
f 1436/43/367 1438/51/367 1434/52/367
f 1441/53/368 1438/51/368 1440/50/368
f 1441/54/369 1442/44/369 1433/42/369 1443/41/369
f 1440/55/370 1439/56/370 1442/44/370
f 1437/48/371 1431/57/371 1439/49/371
f 1434/52/372 1438/51/372 1441/54/372 1443/41/372
f 1431/58/373 1432/45/373 1442/44/373 1439/56/373
f 1435/46/374 1437/48/374 1440/50/374 1438/51/374
f 1441/54/375 1440/55/375 1442/44/375
f 1433/42/376 1435/46/376 1438/51/376 1436/43/376
f 1447/40/377 1456/41/377 1446/42/377 1449/43/377
f 1446/42/378 1455/44/378 1445/45/378 1448/46/378
f 1444/47/379 1450/48/379 1448/46/379 1445/45/379
f 1450/48/380 1452/49/380 1453/50/380
f 1449/43/381 1451/51/381 1447/52/381
f 1454/53/382 1451/51/382 1453/50/382
f 1454/54/383 1455/44/383 1446/42/383 1456/41/383
f 1453/55/384 1452/56/384 1455/44/384
f 1450/48/385 1444/57/385 1452/49/385
f 1447/52/386 1451/51/386 1454/54/386 1456/41/386
f 1444/58/387 1445/45/387 1455/44/387 1452/56/387
f 1448/46/388 1450/48/388 1453/50/388 1451/51/388
f 1454/54/389 1453/55/389 1455/44/389
f 1446/42/390 1448/46/390 1451/51/390 1449/43/390
f 1460/40/391 1469/41/391 1459/42/391 1462/43/391
f 1459/42/392 1468/44/392 1458/45/392 1461/46/392
f 1457/47/393 1463/48/393 1461/46/393 1458/45/393
f 1463/48/394 1465/49/394 1466/50/394
f 1462/43/395 1464/51/395 1460/52/395
f 1467/53/396 1464/51/396 1466/50/396
f 1467/54/397 1468/44/397 1459/42/397 1469/41/397
f 1466/55/398 1465/56/398 1468/44/398
f 1463/48/399 1457/57/399 1465/49/399
f 1460/52/400 1464/51/400 1467/54/400 1469/41/400
f 1457/58/401 1458/45/401 1468/44/401 1465/56/401
f 1461/46/402 1463/48/402 1466/50/402 1464/51/402
f 1467/54/403 1466/55/403 1468/44/403
f 1459/42/404 1461/46/404 1464/51/404 1462/43/404
o Sphere.002
v -0.937956 31.774612 1.421714
v -0.857879 32.121059 0.754632
v -0.126451 31.711479 -0.241952
v 0.425916 30.527222 0.253106
v 0.316071 32.109535 1.114073
v 0.779488 31.119680 0.424093
v -0.458547 31.482479 1.902320
v 0.519681 30.678234 1.615047
v -1.075728 31.075222 1.616725
v -0.900400 30.404743 1.514064
v -0.478940 30.019278 1.152945
v -1.299731 31.043324 0.366376
v -0.219133 30.460726 -0.038009
v -2.475613 33.444061 -0.474927
v -1.866438 33.588879 -0.189419
v -1.346251 32.996624 0.855605
v -2.188222 32.080551 1.262213
v -2.528291 33.785027 0.787769
v -2.309587 32.712627 1.505796
v -3.087949 33.349010 -0.175607
v -3.322697 32.608513 0.877952
v -2.749653 32.833714 -0.636041
v -2.864132 32.196091 -0.403851
v -2.775323 31.774742 0.132954
v -1.642621 32.435955 -0.417663
v -1.762213 31.878857 0.760799
v -0.054324 34.333027 -1.349851
v -0.447540 34.602913 -0.883969
v -1.609995 34.388702 -0.724249
v -1.893194 33.571018 -1.606273
v -1.019483 34.997139 -1.846726
v -1.921453 34.216934 -1.834120
v -0.138291 34.271839 -2.020656
v -1.109621 33.853020 -2.563447
v 0.030564 33.694267 -1.521452
v -0.268164 33.153961 -1.676479
v -0.836406 32.918488 -1.755717
v -0.577413 33.485031 -0.539792
v -1.648238 33.282402 -1.026390
v 0.131911 35.139141 1.172090
v -0.078430 35.484436 0.631680
v 0.096376 35.223228 -0.500749
v 0.741519 34.189922 -0.424783
v 0.987709 35.532188 0.405177
v 1.082052 34.726162 -0.405301
v 0.705115 34.887959 1.325323
v 1.364178 34.258106 0.621589
v 0.109661 34.503681 1.341553
v 0.212334 33.929657 1.141312
v 0.400713 33.636333 0.647851
v -0.571211 34.526138 0.447669
v 0.118587 34.104389 -0.379040
v -1.857451 36.608742 0.446442
v -1.265700 36.761242 0.416855
v -0.429339 36.218830 0.979720
v -0.916174 35.335423 1.608745
v -1.391658 36.839928 1.490070
v -0.919168 35.871777 1.894571
v -2.215734 36.469402 0.943256
v -1.966526 35.746624 1.831454
v -2.131439 36.061417 0.399067
v -2.121005 35.479965 0.591769
v -1.830134 35.086487 0.950940
v -1.170971 35.771805 0.065368
v -0.782776 35.211643 1.014057
v -0.321058 37.595795 -1.241093
v -0.443781 37.783653 -0.684410
v -1.288764 37.510670 -0.066599
v -1.859332 36.817627 -0.693572
v -1.285502 38.143898 -1.172352
v -1.980039 37.396839 -0.820281
v -0.657505 37.571369 -1.739207
v -1.634577 37.167191 -1.773298
v -0.317503 37.047413 -1.454548
v -0.609089 36.559875 -1.481904
v -1.084442 36.319408 -1.312711
v -0.395365 36.772160 -0.427106
v -1.429903 36.549061 -0.359694
v 0.836586 38.186810 0.724659
v 0.449700 38.505524 0.410588
v 0.131562 38.345802 -0.577957
v 0.678528 37.473419 -0.864217
v 1.193800 38.629017 -0.228836
v 0.948141 37.967171 -0.962520
v 1.350587 37.994900 0.580756
v 1.589229 37.519600 -0.302618
v 0.893972 37.616554 0.827796
v 0.899251 37.127876 0.588090
v 0.850408 36.907425 0.097100
v -0.001636 37.638496 0.417921
v 0.209320 37.354996 -0.562802
v -1.031626 39.389763 1.108933
v -0.581007 39.564320 0.838127
v 0.307893 39.111610 0.885337
v 0.189179 38.268574 1.538087
v -0.246682 39.569477 1.746939
v 0.297051 38.726112 1.799780
v -1.110374 39.217682 1.648762
v -0.548641 38.550735 2.196972
v -1.260216 38.892044 1.155545
v -1.168339 38.370308 1.266313
v -0.791090 38.023842 1.398929
v -0.638972 38.716946 0.455678
v 0.054603 38.199219 1.001737
v -0.518748 40.447838 -0.830690
v -0.391802 40.576340 -0.324951
v -0.802011 40.248413 0.513557
v -1.496080 39.633144 0.221199
v -1.252803 40.864273 -0.322196
v -1.647738 40.142269 0.210413
v -0.983756 40.430321 -1.080121
v -1.759814 40.012146 -0.708334
v -0.596801 39.975967 -1.036141
v -0.831694 39.528744 -0.962223
v -1.133706 39.276989 -0.637172
v -0.239739 39.674767 -0.207053
v -1.021631 39.407112 0.281576
v 1.178028 40.941727 0.259185
v 0.744453 41.213692 0.199196
v 0.096872 41.103722 -0.454829
v 0.418793 40.385616 -0.974713
v 1.068291 41.404434 -0.622124
v 0.585588 40.843430 -1.138097
v 1.524879 40.813683 -0.090277
v 1.359627 40.456490 -0.923205
v 1.270406 40.437595 0.279410
v 1.182498 40.019814 0.056256
v 0.947881 39.847969 -0.325039
v 0.402072 40.419823 0.345729
v 0.173842 40.234909 -0.539931
v -0.143781 41.859756 1.451868
v 0.098407 42.057114 1.052966
v 0.819144 41.713760 0.675126
v 0.998330 40.929100 1.189260
v 0.727987 42.036102 1.627003
v 1.184180 41.325680 1.378651
v 0.014420 41.674831 1.902168
v 0.683249 41.095215 2.049164
v -0.299262 41.403812 1.556277
v -0.177231 40.944286 1.570652
v 0.175701 40.656700 1.489502
v -0.093243 41.326569 0.721450
v 0.676632 40.887161 0.818987
v -0.536247 42.926735 -0.237888
v -0.233498 43.021893 0.115261
v -0.212951 42.662422 0.935930
v -0.869369 42.090179 0.966932
v -0.910514 43.219257 0.509977
v -0.997739 42.529480 1.056828
v -1.001613 42.893944 -0.234275
v -1.455786 42.455399 0.370369
v -0.675830 42.516541 -0.396657
v -0.825717 42.103264 -0.264680
v -0.928658 41.844749 0.107630
v -0.057602 42.231209 0.084855
v -0.470610 41.918831 0.794088
v 1.230212 43.415905 -0.081427
v 0.863210 43.630379 0.076896
v 0.092001 43.525291 -0.166145
v 0.141436 42.940628 -0.763207
v 0.783236 43.862427 -0.701408
v 0.201640 43.363457 -0.935694
v 1.362228 43.343941 -0.516798
v 0.899432 43.061821 -1.126762
v 1.315855 42.976643 -0.137776
v 1.160848 42.614395 -0.302811
v 0.824398 42.467525 -0.513493
v 0.661829 42.900833 0.290883
v 0.126607 42.769165 -0.322425
vn 0.4874 -0.1334 -0.8629
vn -0.2799 0.7982 -0.5334
vn -0.1027 0.8536 0.5107
vn -0.2877 -0.2180 0.9326
vn 0.8590 -0.5120 -0.0024
vn 0.0690 -0.6408 0.7646
vn -0.5215 -0.4754 -0.7085
vn -0.9454 -0.2742 0.1764
vn -0.5646 0.3230 0.7595
vn 0.4310 -0.8993 -0.0743
vn -0.9476 0.2961 0.1197
vn 0.2932 0.0151 0.9559
vn -0.7255 -0.6769 -0.1242
vn 0.8887 0.4551 -0.0560
vn 0.6268 -0.2483 0.7385
vn 0.8054 0.5888 -0.0672
vn -0.1888 0.9461 -0.2633
vn -0.8317 -0.0520 -0.5528
vn -0.4543 -0.3950 0.7985
vn -0.8888 -0.4202 -0.1828
vn 0.6988 -0.6715 -0.2465
vn 0.0583 -0.3508 -0.9346
vn -0.4510 0.4116 -0.7920
vn -0.3600 -0.8363 0.4136
vn 0.3028 0.1973 -0.9324
vn -0.9696 0.2403 -0.0471
vn 0.1435 -0.7668 -0.6256
vn -0.0966 0.5401 0.8361
vn -0.9500 -0.0078 0.3123
vn -0.0157 0.6512 0.7587
vn 0.5907 0.8036 -0.0733
vn 0.7770 -0.2659 -0.5705
vn -0.7073 -0.2625 -0.6564
vn 0.3368 -0.5574 -0.7588
vn -0.2170 -0.6346 0.7418
vn 0.7676 -0.5285 0.3627
vn 0.9764 0.1667 -0.1374
vn -0.5142 -0.7295 -0.4510
vn 0.8226 0.0347 0.5675
vn 0.4514 0.1021 -0.8865
vn 0.3182 -0.8835 0.3439
vn -0.6107 0.7001 -0.3701
vn 0.0144 -0.0644 -0.9978
vn -0.5276 0.8063 -0.2674
vn 0.1266 0.8183 0.5607
vn 0.2113 -0.2880 0.9340
vn 0.7701 -0.4735 -0.4274
vn 0.4539 -0.6790 0.5769
vn -0.7840 -0.4556 -0.4217
vn -0.7543 -0.3324 0.5662
vn -0.1416 0.2597 0.9553
vn 0.3719 -0.8677 -0.3297
vn -0.7921 0.2509 0.5565
vn 0.7173 -0.0273 0.6962
vn -0.6843 -0.7111 0.1615
vn 0.7546 0.5071 -0.4164
vn 0.9055 -0.2602 0.3353
vn 0.6690 0.6407 -0.3767
vn -0.3252 0.9435 -0.0639
vn -0.9921 -0.0551 -0.1124
vn 0.0030 -0.4703 0.8825
vn -0.8673 -0.4534 0.2056
vn 0.5184 -0.6265 -0.5820
vn -0.3919 -0.2958 -0.8712
vn -0.7848 0.4314 -0.4450
vn -0.0862 -0.8862 0.4552
vn -0.1971 0.2678 -0.9431
vn -0.8875 0.2026 0.4139
vn -0.1500 -0.7247 -0.6725
vn 0.3028 0.4894 0.8178
vn -0.6996 -0.0675 0.7113
vn 0.3316 0.6074 0.7219
vn 0.4623 0.8465 -0.2640
vn 0.4241 -0.2041 -0.8823
vn -0.9274 -0.2535 -0.2751
vn -0.0527 -0.5029 -0.8627
vn 0.1947 -0.6929 0.6943
vn 0.8578 -0.5090 -0.0714
vn 0.8032 0.2206 -0.5533
vn -0.6476 -0.7281 -0.2246
vn 0.9912 0.0366 0.1275
vn -0.0384 0.1758 -0.9837
vn 0.4727 -0.8775 0.0808
vn -0.7299 0.6835 0.0103
vn -0.4717 -0.0064 -0.8817
vn -0.6136 0.7865 0.0704
vn 0.3539 0.7908 0.4994
vn 0.6461 -0.3305 0.6880
vn 0.4916 -0.4203 -0.7627
vn 0.6927 -0.6812 0.2370
vn -0.8826 -0.4669 -0.0549
vn -0.3880 -0.4093 0.8258
vn 0.3327 0.2002 0.9215
vn 0.1976 -0.8289 -0.5234
vn -0.4441 0.1891 0.8758
vn 0.9596 -0.0365 0.2789
vn -0.5084 -0.7656 0.3943
vn 0.4560 0.5795 -0.6754
vn 0.9616 -0.2393 -0.1342
vn 0.3920 0.7085 -0.5869
vn -0.3475 0.9226 0.1676
vn -0.9344 -0.0915 0.3443
vn 0.4490 -0.5210 0.7259
vn -0.6638 -0.5154 0.5419
vn 0.1970 -0.5742 -0.7946
vn -0.7535 -0.2608 -0.6036
vn -0.9087 0.4174 0.0005
vn 0.1777 -0.9162 0.3592
vn -0.6377 0.3117 -0.7044
vn -0.5983 0.1439 0.7882
vn -0.4323 -0.6920 -0.5782
vn 0.6446 0.4541 0.6151
vn -0.2747 -0.1419 0.9510
vn 0.6198 0.5791 0.5297
vn 0.2512 0.8945 -0.3699
vn -0.0492 -0.1377 -0.9893
vn -0.9477 -0.2790 0.1551
vn -0.4478 -0.4559 -0.7692
vn 0.5289 -0.7175 0.4533
vn 0.7373 -0.4678 -0.4875
vn 0.4429 0.2953 -0.8465
vn -0.6597 -0.7508 0.0330
vn 0.9406 0.0718 -0.3318
vn -0.5188 0.2309 -0.8231
vn 0.4807 -0.8508 -0.2123
vn -0.6563 0.6463 0.3895
vn -0.8347 0.0241 -0.5501
vn -0.5292 0.7493 0.3980
vn 0.5261 0.7782 0.3430
vn 0.8999 -0.3371 0.2766
vn 0.0780 -0.3602 -0.9296
vn 0.7382 -0.6556 -0.1588
vn -0.8009 -0.5104 0.3130
vn 0.0765 -0.4822 0.8727
vn 0.7293 0.1603 0.6651
vn -0.0504 -0.7892 -0.6121
vn 0.0286 0.1219 0.9921
vn 0.9818 -0.0119 -0.1897
vn -0.2321 -0.8253 0.5148
vn 0.0528 0.6510 -0.7572
vn 0.7973 -0.1927 -0.5720
vn 0.0343 0.7713 -0.6355
vn -0.2557 0.8908 0.3757
vn -0.6685 -0.1548 0.7275
vn 0.7546 -0.5350 0.3799
vn -0.3104 -0.5910 0.7446
vn -0.1930 -0.5224 -0.8306
vn -0.9435 -0.2571 -0.2090
vn -0.8136 0.3785 0.4413
vn 0.3607 -0.9199 0.1536
vn -0.9001 0.3200 -0.2958
vn -0.1517 0.0749 0.9856
vn -0.6367 -0.6776 -0.3680
vn 0.8488 0.4456 0.2845
vn 0.2290 -0.2112 0.9502
vn 0.7835 0.5762 0.2328
vn 0.0087 0.9327 -0.3605
vn -0.5199 -0.0830 -0.8502
vn -0.7663 -0.3360 0.5476
vn -0.7489 -0.4291 -0.5050
vn 0.6993 -0.7085 0.0952
vn 0.4333 -0.4130 -0.8011
vn -0.0333 0.3706 -0.9282
vn -0.5465 -0.7945 0.2646
vn 0.6805 0.1341 -0.7204
vn -0.8527 0.2526 -0.4573
vn 0.3482 -0.8124 -0.4678
vn -0.4125 0.5974 0.6877
vn -0.9946 0.0202 -0.1021
vn -0.2991 0.7033 0.6449
vn 0.6051 0.7856 0.1296
vn 0.9310 -0.3124 -0.1888
vn -0.3718 -0.3048 -0.8768
vn 0.5939 -0.6129 -0.5212
vn -0.5491 -0.5783 0.6033
vn 0.5076 -0.5275 0.6812
vn 0.9526 0.1519 0.2637
vn -0.3129 -0.7555 -0.5756
vn 0.5041 0.0662 0.8611
vn 0.7867 0.0413 -0.6160
vn 0.0767 -0.8712 0.4848
vn -0.3459 0.6977 -0.6273
vt 0.700000 0.000000
vt 0.800000 0.200000
vt 0.600000 0.400000
vt 0.400000 0.200000
vt 0.800000 0.600000
vt 0.600000 0.800000
vt 0.400000 0.600000
vt 0.300000 1.000000
vt 0.200000 0.800000
vt 0.000000 0.800000
vt 0.000000 0.600000
vt 0.200000 0.400000
vt 0.300000 0.000000
vt 0.000000 0.400000
vt 1.000000 0.400000
vt 1.000000 0.600000
vt 1.000000 0.800000
vt 0.100000 1.000000
vt 0.700000 1.000000
s 0
usemtl salvia_purplle
f 1473/59/405 1482/60/405 1472/61/405 1475/62/405
f 1472/61/406 1481/63/406 1471/64/406 1474/65/406
f 1470/66/407 1476/67/407 1474/65/407 1471/64/407
f 1476/67/408 1478/68/408 1479/69/408
f 1475/62/409 1477/70/409 1473/71/409
f 1480/72/410 1477/70/410 1479/69/410
f 1480/73/411 1481/63/411 1472/61/411 1482/60/411
f 1479/74/412 1478/75/412 1481/63/412
f 1476/67/413 1470/76/413 1478/68/413
f 1473/71/414 1477/70/414 1480/73/414 1482/60/414
f 1470/77/415 1471/64/415 1481/63/415 1478/75/415
f 1474/65/416 1476/67/416 1479/69/416 1477/70/416
f 1480/73/417 1479/74/417 1481/63/417
f 1472/61/418 1474/65/418 1477/70/418 1475/62/418
f 1486/59/419 1495/60/419 1485/61/419 1488/62/419
f 1485/61/420 1494/63/420 1484/64/420 1487/65/420
f 1483/66/421 1489/67/421 1487/65/421 1484/64/421
f 1489/67/422 1491/68/422 1492/69/422
f 1488/62/423 1490/70/423 1486/71/423
f 1493/72/424 1490/70/424 1492/69/424
f 1493/73/425 1494/63/425 1485/61/425 1495/60/425
f 1492/74/426 1491/75/426 1494/63/426
f 1489/67/427 1483/76/427 1491/68/427
f 1486/71/428 1490/70/428 1493/73/428 1495/60/428
f 1483/77/429 1484/64/429 1494/63/429 1491/75/429
f 1487/65/430 1489/67/430 1492/69/430 1490/70/430
f 1493/73/431 1492/74/431 1494/63/431
f 1485/61/432 1487/65/432 1490/70/432 1488/62/432
f 1499/59/433 1508/60/433 1498/61/433 1501/62/433
f 1498/61/434 1507/63/434 1497/64/434 1500/65/434
f 1496/66/435 1502/67/435 1500/65/435 1497/64/435
f 1502/67/436 1504/68/436 1505/69/436
f 1501/62/437 1503/70/437 1499/71/437
f 1506/72/438 1503/70/438 1505/69/438
f 1506/73/439 1507/63/439 1498/61/439 1508/60/439
f 1505/74/440 1504/75/440 1507/63/440
f 1502/67/441 1496/76/441 1504/68/441
f 1499/71/442 1503/70/442 1506/73/442 1508/60/442
f 1496/77/443 1497/64/443 1507/63/443 1504/75/443
f 1500/65/444 1502/67/444 1505/69/444 1503/70/444
f 1506/73/445 1505/74/445 1507/63/445
f 1498/61/446 1500/65/446 1503/70/446 1501/62/446
f 1512/59/447 1521/60/447 1511/61/447 1514/62/447
f 1511/61/448 1520/63/448 1510/64/448 1513/65/448
f 1509/66/449 1515/67/449 1513/65/449 1510/64/449
f 1515/67/450 1517/68/450 1518/69/450
f 1514/62/451 1516/70/451 1512/71/451
f 1519/72/452 1516/70/452 1518/69/452
f 1519/73/453 1520/63/453 1511/61/453 1521/60/453
f 1518/74/454 1517/75/454 1520/63/454
f 1515/67/455 1509/76/455 1517/68/455
f 1512/71/456 1516/70/456 1519/73/456 1521/60/456
f 1509/77/457 1510/64/457 1520/63/457 1517/75/457
f 1513/65/458 1515/67/458 1518/69/458 1516/70/458
f 1519/73/459 1518/74/459 1520/63/459
f 1511/61/460 1513/65/460 1516/70/460 1514/62/460
f 1525/59/461 1534/60/461 1524/61/461 1527/62/461
f 1524/61/462 1533/63/462 1523/64/462 1526/65/462
f 1522/66/463 1528/67/463 1526/65/463 1523/64/463
f 1528/67/464 1530/68/464 1531/69/464
f 1527/62/465 1529/70/465 1525/71/465
f 1532/72/466 1529/70/466 1531/69/466
f 1532/73/467 1533/63/467 1524/61/467 1534/60/467
f 1531/74/468 1530/75/468 1533/63/468
f 1528/67/469 1522/76/469 1530/68/469
f 1525/71/470 1529/70/470 1532/73/470 1534/60/470
f 1522/77/471 1523/64/471 1533/63/471 1530/75/471
f 1526/65/472 1528/67/472 1531/69/472 1529/70/472
f 1532/73/473 1531/74/473 1533/63/473
f 1524/61/474 1526/65/474 1529/70/474 1527/62/474
f 1538/59/475 1547/60/475 1537/61/475 1540/62/475
f 1537/61/476 1546/63/476 1536/64/476 1539/65/476
f 1535/66/477 1541/67/477 1539/65/477 1536/64/477
f 1541/67/478 1543/68/478 1544/69/478
f 1540/62/479 1542/70/479 1538/71/479
f 1545/72/480 1542/70/480 1544/69/480
f 1545/73/481 1546/63/481 1537/61/481 1547/60/481
f 1544/74/482 1543/75/482 1546/63/482
f 1541/67/483 1535/76/483 1543/68/483
f 1538/71/484 1542/70/484 1545/73/484 1547/60/484
f 1535/77/485 1536/64/485 1546/63/485 1543/75/485
f 1539/65/486 1541/67/486 1544/69/486 1542/70/486
f 1545/73/487 1544/74/487 1546/63/487
f 1537/61/488 1539/65/488 1542/70/488 1540/62/488
f 1551/59/489 1560/60/489 1550/61/489 1553/62/489
f 1550/61/490 1559/63/490 1549/64/490 1552/65/490
f 1548/66/491 1554/67/491 1552/65/491 1549/64/491
f 1554/67/492 1556/68/492 1557/69/492
f 1553/62/493 1555/70/493 1551/71/493
f 1558/72/494 1555/70/494 1557/69/494
f 1558/73/495 1559/63/495 1550/61/495 1560/60/495
f 1557/74/496 1556/75/496 1559/63/496
f 1554/67/497 1548/76/497 1556/68/497
f 1551/71/498 1555/70/498 1558/73/498 1560/60/498
f 1548/77/499 1549/64/499 1559/63/499 1556/75/499
f 1552/65/500 1554/67/500 1557/69/500 1555/70/500
f 1558/73/501 1557/74/501 1559/63/501
f 1550/61/502 1552/65/502 1555/70/502 1553/62/502
f 1564/59/503 1573/60/503 1563/61/503 1566/62/503
f 1563/61/504 1572/63/504 1562/64/504 1565/65/504
f 1561/66/505 1567/67/505 1565/65/505 1562/64/505
f 1567/67/506 1569/68/506 1570/69/506
f 1566/62/507 1568/70/507 1564/71/507
f 1571/72/508 1568/70/508 1570/69/508
f 1571/73/509 1572/63/509 1563/61/509 1573/60/509
f 1570/74/510 1569/75/510 1572/63/510
f 1567/67/511 1561/76/511 1569/68/511
f 1564/71/512 1568/70/512 1571/73/512 1573/60/512
f 1561/77/513 1562/64/513 1572/63/513 1569/75/513
f 1565/65/514 1567/67/514 1570/69/514 1568/70/514
f 1571/73/515 1570/74/515 1572/63/515
f 1563/61/516 1565/65/516 1568/70/516 1566/62/516
f 1577/59/517 1586/60/517 1576/61/517 1579/62/517
f 1576/61/518 1585/63/518 1575/64/518 1578/65/518
f 1574/66/519 1580/67/519 1578/65/519 1575/64/519
f 1580/67/520 1582/68/520 1583/69/520
f 1579/62/521 1581/70/521 1577/71/521
f 1584/72/522 1581/70/522 1583/69/522
f 1584/73/523 1585/63/523 1576/61/523 1586/60/523
f 1583/74/524 1582/75/524 1585/63/524
f 1580/67/525 1574/76/525 1582/68/525
f 1577/71/526 1581/70/526 1584/73/526 1586/60/526
f 1574/77/527 1575/64/527 1585/63/527 1582/75/527
f 1578/65/528 1580/67/528 1583/69/528 1581/70/528
f 1584/73/529 1583/74/529 1585/63/529
f 1576/61/530 1578/65/530 1581/70/530 1579/62/530
f 1590/59/531 1599/60/531 1589/61/531 1592/62/531
f 1589/61/532 1598/63/532 1588/64/532 1591/65/532
f 1587/66/533 1593/67/533 1591/65/533 1588/64/533
f 1593/67/534 1595/68/534 1596/69/534
f 1592/62/535 1594/70/535 1590/71/535
f 1597/72/536 1594/70/536 1596/69/536
f 1597/73/537 1598/63/537 1589/61/537 1599/60/537
f 1596/74/538 1595/75/538 1598/63/538
f 1593/67/539 1587/76/539 1595/68/539
f 1590/71/540 1594/70/540 1597/73/540 1599/60/540
f 1587/77/541 1588/64/541 1598/63/541 1595/75/541
f 1591/65/542 1593/67/542 1596/69/542 1594/70/542
f 1597/73/543 1596/74/543 1598/63/543
f 1589/61/544 1591/65/544 1594/70/544 1592/62/544
f 1603/59/545 1612/60/545 1602/61/545 1605/62/545
f 1602/61/546 1611/63/546 1601/64/546 1604/65/546
f 1600/66/547 1606/67/547 1604/65/547 1601/64/547
f 1606/67/548 1608/68/548 1609/69/548
f 1605/62/549 1607/70/549 1603/71/549
f 1610/72/550 1607/70/550 1609/69/550
f 1610/73/551 1611/63/551 1602/61/551 1612/60/551
f 1609/74/552 1608/75/552 1611/63/552
f 1606/67/553 1600/76/553 1608/68/553
f 1603/71/554 1607/70/554 1610/73/554 1612/60/554
f 1600/77/555 1601/64/555 1611/63/555 1608/75/555
f 1604/65/556 1606/67/556 1609/69/556 1607/70/556
f 1610/73/557 1609/74/557 1611/63/557
f 1602/61/558 1604/65/558 1607/70/558 1605/62/558
f 1616/59/559 1625/60/559 1615/61/559 1618/62/559
f 1615/61/560 1624/63/560 1614/64/560 1617/65/560
f 1613/66/561 1619/67/561 1617/65/561 1614/64/561
f 1619/67/562 1621/68/562 1622/69/562
f 1618/62/563 1620/70/563 1616/71/563
f 1623/72/564 1620/70/564 1622/69/564
f 1623/73/565 1624/63/565 1615/61/565 1625/60/565
f 1622/74/566 1621/75/566 1624/63/566
f 1619/67/567 1613/76/567 1621/68/567
f 1616/71/568 1620/70/568 1623/73/568 1625/60/568
f 1613/77/569 1614/64/569 1624/63/569 1621/75/569
f 1617/65/570 1619/67/570 1622/69/570 1620/70/570
f 1623/73/571 1622/74/571 1624/63/571
f 1615/61/572 1617/65/572 1620/70/572 1618/62/572
f 1629/59/573 1638/60/573 1628/61/573 1631/62/573
f 1628/61/574 1637/63/574 1627/64/574 1630/65/574
f 1626/66/575 1632/67/575 1630/65/575 1627/64/575
f 1632/67/576 1634/68/576 1635/69/576
f 1631/62/577 1633/70/577 1629/71/577
f 1636/72/578 1633/70/578 1635/69/578
f 1636/73/579 1637/63/579 1628/61/579 1638/60/579
f 1635/74/580 1634/75/580 1637/63/580
f 1632/67/581 1626/76/581 1634/68/581
f 1629/71/582 1633/70/582 1636/73/582 1638/60/582
f 1626/77/583 1627/64/583 1637/63/583 1634/75/583
f 1630/65/584 1632/67/584 1635/69/584 1633/70/584
f 1636/73/585 1635/74/585 1637/63/585
f 1628/61/586 1630/65/586 1633/70/586 1631/62/586
o Sphere.003
v -0.433218 31.774616 -0.986774
v 0.109948 32.121063 -0.591324
v 0.622842 31.711481 0.533444
v -0.078822 30.527218 0.773960
v -0.776701 32.109531 0.257916
v -0.400621 31.119675 0.999123
v -1.086668 31.482477 -0.802881
v -1.313324 30.678226 0.191137
v -0.536189 31.075224 -1.202199
v -0.532145 30.404745 -0.999069
v -0.422630 30.019279 -0.454972
v 0.664472 31.043333 -0.787512
v 0.490073 30.460728 0.353014
v 1.972631 33.444080 -1.403267
v 1.426137 33.588894 -1.010896
v 0.260149 32.996632 -1.066864
v 0.316159 32.080563 -2.000200
v 0.896220 33.785042 -2.065473
v 0.162778 32.712639 -2.225003
v 2.010213 33.349033 -2.083807
v 1.205204 32.608536 -2.802871
v 2.246999 32.833736 -1.563831
v 2.100210 32.196110 -1.777070
v 1.588332 31.774761 -1.961532
v 1.516134 32.435970 -0.704158
v 0.545906 31.878866 -1.383664
v 1.554632 34.333035 1.137094
v 1.339895 34.602917 0.566523
v 1.767797 34.388718 -0.526050
v 2.675867 33.571037 -0.342787
v 2.459337 34.997154 0.537167
v 2.888525 34.216957 -0.256254
v 2.181108 34.271851 1.391176
v 3.128909 33.853035 0.808266
v 1.662986 33.694271 1.294930
v 1.944088 33.153969 1.109846
v 2.290569 32.918499 0.652538
v 1.102875 33.485039 0.285194
v 2.050185 33.282417 -0.411982
v -0.737484 35.139137 0.068876
v -0.163148 35.484436 0.149020
v 0.739960 35.223232 0.854250
v 0.358814 34.189919 1.380271
v -0.485754 35.532181 1.190116
v 0.175617 34.726158 1.667992
v -1.150967 34.887951 0.494402
v -0.858364 34.258099 1.413089
v -0.874534 34.503677 -0.033251
v -0.749861 33.929653 0.154086
v -0.411086 33.636330 0.559330
v 0.237958 34.526142 -0.191295
v 0.622896 34.104393 0.814233
v 0.866735 36.608757 -1.313355
v 0.603768 36.761250 -0.782418
v -0.295680 36.218830 -0.327113
v -0.607116 35.335423 -1.059021
v -0.271495 36.839931 -1.416114
v -0.855136 35.871780 -1.201123
v 0.607954 36.469414 -1.868533
v -0.288907 35.746632 -2.084485
v 1.041802 36.061432 -1.529382
v 0.868518 35.479980 -1.614321
v 0.413073 35.086498 -1.535727
v 0.864332 35.771816 -0.528205
v -0.153156 35.211647 -0.652365
v 1.589858 37.595802 0.851219
v 1.163859 37.783657 0.472428
v 1.036993 37.510681 -0.566607
v 1.862689 36.817642 -0.758638
v 2.000530 38.143909 -0.024121
v 2.032188 37.396858 -0.802155
v 2.188822 37.571381 0.800652
v 2.695416 37.167206 -0.035530
v 1.774436 37.047421 0.958492
v 1.940618 36.559883 0.717335
v 2.024927 36.319420 0.219861
v 0.915656 36.772163 0.389111
v 1.361699 36.549072 -0.546764
v -0.690872 38.186802 0.902308
v -0.227933 38.505520 0.717899
v 0.790158 38.345806 0.922654
v 0.773086 37.473419 1.539761
v -0.032966 38.629013 1.679428
v 0.727306 37.967167 1.823064
v -0.816115 37.994892 1.421171
v -0.161540 37.519592 2.060572
v -0.808895 37.616547 0.902060
v -0.602246 37.127869 1.023649
v -0.149858 36.907421 1.220632
v -0.014064 37.638496 0.320377
v 0.738988 37.354996 0.983124
v -0.114548 39.389767 -0.915851
v -0.098096 39.564323 -0.390378
v -0.573105 39.111603 0.362438
v -1.084903 38.268570 -0.059741
v -1.054492 39.569473 -0.542093
v -1.365965 38.726105 -0.093299
v -0.547294 39.217682 -1.248037
v -1.299924 38.550732 -1.025284
v -0.043671 38.892048 -1.138121
v -0.185188 38.370312 -1.111989
v -0.485045 38.023842 -0.847437
v 0.264011 38.716949 -0.254329
v -0.551085 38.199215 0.084549
v 1.328106 40.447845 0.478395
v 0.824730 40.576347 0.342384
v 0.293051 40.248417 -0.424874
v 0.886956 39.633156 -0.888001
v 1.242515 40.864281 -0.410465
v 0.970381 40.142281 -1.015107
v 1.772754 40.430328 0.194252
v 1.826987 40.012157 -0.664558
v 1.545525 39.975975 0.510532
v 1.595644 39.528755 0.269434
v 1.459322 39.277000 -0.152805
v 0.647620 39.674767 0.417567
v 0.602716 39.407120 -0.503356
v -0.451242 40.941719 1.427504
v -0.187288 41.213688 1.078346
v 0.699602 41.103722 0.832299
v 0.996270 40.385616 1.366994
v 0.371541 41.404430 1.761827
v 1.057472 40.843433 1.592316
v -0.315494 40.813675 1.900792
v 0.492160 40.456482 2.163045
v -0.513975 40.437584 1.498261
v -0.276296 40.019806 1.530437
v 0.171009 39.847961 1.511738
v -0.148090 40.419823 0.707990
v 0.736323 40.234909 0.941009
v -0.847179 41.859753 -0.308266
v -0.617201 42.057110 0.097799
v -0.639148 41.713753 0.911273
v -1.175341 40.929092 0.816758
v -1.425488 42.036095 0.367169
v -1.431349 41.325668 0.886548
v -1.317418 41.674828 -0.389942
v -1.772124 41.095207 0.122091
v -0.862428 41.403809 -0.494930
v -0.934527 40.944283 -0.395435
v -1.035935 40.656693 -0.047783
v -0.234309 41.326569 0.092307
v -0.695159 40.887154 0.716674
v 0.819218 42.926743 0.173830
v 0.363228 43.021893 0.265731
v -0.363101 42.662422 -0.116843
v -0.069807 42.090187 -0.704916
v 0.349108 43.219261 -0.517818
v -0.085627 42.529484 -0.860832
v 1.043174 42.893951 -0.234118
v 0.737074 42.455406 -0.925619
v 1.025917 42.516548 0.129479
v 0.983876 42.103268 -0.065757
v 0.709152 41.844757 -0.337305
v 0.303931 42.231209 0.434094
v -0.113548 41.918835 -0.272517
v -0.179429 43.415897 1.639291
v -0.138512 43.630375 1.241696
v 0.449992 43.525291 0.687173
v 0.947003 42.940628 1.021700
v 0.579841 43.862423 1.551726
v 1.068171 43.363461 1.158429
v 0.136148 43.343933 1.966991
v 0.894402 43.061817 1.860726
v -0.172038 42.976635 1.741541
v 0.047658 42.614388 1.686786
v 0.395745 42.467522 1.495941
v -0.227003 42.900829 0.961491
v 0.569514 42.769165 0.793643
vn 0.5154 -0.1334 0.8465
vn 0.6022 0.7982 0.0161
vn -0.3956 0.8536 -0.3389
vn -0.6736 -0.2180 -0.7062
vn -0.4171 -0.5120 0.7509
vn -0.7010 -0.6408 -0.3129
vn 0.8729 -0.4754 -0.1094
vn 0.3074 -0.2742 -0.9112
vn -0.3874 0.3230 -0.8635
vn -0.1455 -0.8993 0.4124
vn 0.3580 0.2961 -0.8855
vn -0.9774 0.0151 -0.2107
vn 0.4625 -0.6769 -0.5726
vn -0.3848 0.4551 0.8030
vn -0.9505 -0.2484 0.1867
vn -0.3344 0.5888 0.7358
vn 0.3220 0.9461 -0.0362
vn 0.8884 -0.0520 -0.4561
vn -0.4753 -0.3950 -0.7862
vn 0.5933 -0.4202 -0.6866
vn -0.1259 -0.6715 0.7302
vn 0.7873 -0.3508 0.5070
vn 0.9114 0.4116 -0.0072
vn -0.1853 -0.8363 -0.5161
vn 0.6660 0.1973 0.7194
vn 0.5143 0.2403 -0.8232
vn 0.4760 -0.7668 0.4306
vn -0.6826 0.5401 -0.4923
vn 0.1910 -0.0078 -0.9815
vn -0.6546 0.6512 -0.3840
vn -0.2243 0.8036 0.5514
vn 0.1187 -0.2659 0.9567
vn 0.9181 -0.2625 -0.2970
vn 0.4980 -0.5574 0.6643
vn -0.5415 -0.6346 -0.5514
vn -0.6912 -0.5285 0.4929
vn -0.3566 0.1667 0.9193
vn 0.6446 -0.7295 -0.2287
vn -0.8968 0.0347 0.4411
vn 0.5535 0.1021 0.8266
vn -0.4554 -0.8835 0.1099
vn 0.6210 0.7001 -0.3525
vn 0.8639 -0.0644 0.4995
vn 0.4909 0.8063 -0.3300
vn -0.5512 0.8183 -0.1631
vn -0.9184 -0.2880 -0.2714
vn -0.0028 -0.4735 0.8808
vn -0.7251 -0.6790 0.1147
vn 0.7507 -0.4556 -0.4785
vn -0.1261 -0.3324 -0.9347
vn -0.7647 0.2597 -0.5897
vn 0.1062 -0.8677 0.4855
vn -0.0992 0.2509 -0.9629
vn -0.9577 -0.0273 0.2863
vn 0.1930 -0.7111 -0.6761
vn -0.0048 0.5071 0.8619
vn -0.7346 -0.2602 0.6266
vn 0.0023 0.6407 0.7678
vn 0.2144 0.9435 -0.2527
vn 0.5823 -0.0550 -0.8111
vn -0.7718 -0.4703 -0.4281
vn 0.2438 -0.4534 -0.8573
vn 0.2550 -0.6265 0.7365
vn 0.9516 -0.2958 0.0831
vn 0.7714 0.4314 -0.4678
vn -0.3552 -0.8862 -0.2974
vn 0.9194 0.2678 0.2883
vn 0.0719 0.2026 -0.9766
vn 0.6602 -0.7247 0.1973
vn -0.8616 0.4894 -0.1348
vn -0.2794 -0.0675 -0.9578
vn -0.7919 0.6074 -0.0629
vn 0.0049 0.8465 0.5323
vn 0.5631 -0.2041 0.8008
vn 0.6927 -0.2534 -0.6752
vn 0.7787 -0.5029 0.3751
vn -0.7010 -0.6929 -0.1689
vn -0.3563 -0.5090 0.7835
vn 0.0910 0.2206 0.9711
vn 0.5121 -0.7281 -0.4556
vn -0.5950 0.0366 0.8029
vn 0.8773 0.1758 0.4465
vn -0.3012 -0.8775 0.3731
vn 0.3472 0.6835 -0.6421
vn 0.9998 -0.0064 0.0186
vn 0.2380 0.7865 -0.5699
vn -0.6086 0.7908 0.0652
vn -0.9158 -0.3305 0.2281
vn 0.4258 -0.4203 0.8013
vn -0.5449 -0.6812 0.4889
vn 0.4787 -0.4669 -0.7436
vn -0.5315 -0.4093 -0.7417
vn -0.9667 0.2001 -0.1593
vn 0.3604 -0.8289 0.4278
vn -0.5477 0.1891 -0.8151
vn -0.7117 -0.0365 0.7015
vn -0.0960 -0.7655 -0.6362
vn 0.3670 0.5795 0.7277
vn -0.3522 -0.2393 0.9048
vn 0.3209 0.7085 0.6285
vn 0.0233 0.9226 -0.3851
vn 0.1555 -0.0915 -0.9836
vn -0.8527 -0.5210 0.0376
vn -0.1491 -0.5154 -0.8439
vn 0.5975 -0.5742 0.5598
vn 0.8945 -0.2608 -0.3631
vn 0.4430 0.4174 -0.7934
vn -0.4002 -0.9162 -0.0201
vn 0.9260 0.3117 -0.2129
vn -0.3960 0.1439 -0.9069
vn 0.7156 -0.6920 -0.0951
vn -0.8514 0.4541 0.2624
vn -0.6960 -0.1419 -0.7039
vn -0.7648 0.5791 0.2824
vn 0.2002 0.8945 0.3998
vn 0.8875 -0.1377 0.4398
vn 0.3271 -0.2790 -0.9029
vn 0.8899 -0.4559 -0.0155
vn -0.6537 -0.7175 0.2404
vn 0.0657 -0.4678 0.8814
vn 0.5227 0.2953 0.7997
vn 0.2931 -0.7508 -0.5919
vn -0.1695 0.0718 0.9829
vn 0.9716 0.2309 -0.0511
vn -0.0493 -0.8508 0.5232
vn -0.0197 0.6463 -0.7629
vn 0.8875 0.0241 -0.4601
vn -0.0891 0.7493 -0.6562
vn -0.5562 0.7782 0.2918
vn -0.6806 -0.3371 0.6505
vn 0.7733 -0.3602 0.5218
vn -0.2217 -0.6556 0.7218
vn 0.1177 -0.5104 -0.8518
vn -0.7990 -0.4822 -0.3591
vn -0.9365 0.1603 0.3120
vn 0.5588 -0.7892 0.2547
vn -0.8799 0.1219 -0.4592
vn -0.3136 -0.0120 0.9495
vn -0.3360 -0.8253 -0.4538
vn 0.6352 0.6510 0.4156
vn 0.1102 -0.1927 0.9750
vn 0.5379 0.7713 0.3401
vn -0.2032 0.8908 -0.4065
vn -0.3087 -0.1548 -0.9385
vn -0.6998 -0.5350 0.4733
vn -0.4984 -0.5910 -0.6343
vn 0.8191 -0.5224 0.2369
vn 0.6429 -0.2571 -0.7215
vn 0.0119 0.3785 -0.9255
vn -0.3101 -0.9199 0.2398
vn 0.6975 0.3200 -0.6412
vn -0.7862 0.0749 -0.6134
vn 0.6320 -0.6776 -0.3762
vn -0.6626 0.4456 0.6020
vn -0.9412 -0.2112 -0.2639
vn -0.5855 0.5762 0.5703
vn 0.3104 0.9327 0.1835
vn 0.9958 -0.0829 -0.0388
vn -0.1040 -0.3360 -0.9361
vn 0.8063 -0.4291 -0.4072
vn -0.4243 -0.7085 0.5639
vn 0.4877 -0.4130 0.7691
vn 0.8264 0.3706 0.4239
vn 0.0358 -0.7945 -0.6062
vn 0.2966 0.1341 0.9455
vn 0.8153 0.2526 -0.5211
vn 0.2384 -0.8124 0.5322
vn -0.3990 0.5974 -0.6957
vn 0.5745 0.0202 -0.8182
vn -0.4170 0.7033 -0.5758
vn -0.4084 0.7856 0.4649
vn -0.2896 -0.3124 0.9047
vn 0.9468 -0.3047 0.1034
vn 0.1651 -0.6129 0.7728
vn -0.2586 -0.5783 -0.7737
vn -0.8423 -0.5276 0.1106
vn -0.6951 0.1519 0.7027
vn 0.6551 -0.7555 0.0078
vn -0.9976 0.0662 0.0197
vn 0.1537 0.0413 0.9873
vn -0.4606 -0.8712 -0.1697
vn 0.7164 0.6977 0.0043
vt 0.700000 0.000000
vt 0.800000 0.200000
vt 0.600000 0.400000
vt 0.400000 0.200000
vt 0.800000 0.600000
vt 0.600000 0.800000
vt 0.400000 0.600000
vt 0.300000 1.000000
vt 0.200000 0.800000
vt 0.000000 0.800000
vt 0.000000 0.600000
vt 0.200000 0.400000
vt 0.300000 0.000000
vt 0.000000 0.400000
vt 1.000000 0.400000
vt 1.000000 0.600000
vt 1.000000 0.800000
vt 0.100000 1.000000
vt 0.700000 1.000000
s 0
usemtl salvia_purplle
f 1642/78/587 1651/79/587 1641/80/587 1644/81/587
f 1641/80/588 1650/82/588 1640/83/588 1643/84/588
f 1639/85/589 1645/86/589 1643/84/589 1640/83/589
f 1645/86/590 1647/87/590 1648/88/590
f 1644/81/591 1646/89/591 1642/90/591
f 1649/91/592 1646/89/592 1648/88/592
f 1649/92/593 1650/82/593 1641/80/593 1651/79/593
f 1648/93/594 1647/94/594 1650/82/594
f 1645/86/595 1639/95/595 1647/87/595
f 1642/90/596 1646/89/596 1649/92/596 1651/79/596
f 1639/96/597 1640/83/597 1650/82/597 1647/94/597
f 1643/84/598 1645/86/598 1648/88/598 1646/89/598
f 1649/92/599 1648/93/599 1650/82/599
f 1641/80/600 1643/84/600 1646/89/600 1644/81/600
f 1655/78/601 1664/79/601 1654/80/601 1657/81/601
f 1654/80/602 1663/82/602 1653/83/602 1656/84/602
f 1652/85/603 1658/86/603 1656/84/603 1653/83/603
f 1658/86/604 1660/87/604 1661/88/604
f 1657/81/605 1659/89/605 1655/90/605
f 1662/91/606 1659/89/606 1661/88/606
f 1662/92/607 1663/82/607 1654/80/607 1664/79/607
f 1661/93/608 1660/94/608 1663/82/608
f 1658/86/609 1652/95/609 1660/87/609
f 1655/90/610 1659/89/610 1662/92/610 1664/79/610
f 1652/96/611 1653/83/611 1663/82/611 1660/94/611
f 1656/84/612 1658/86/612 1661/88/612 1659/89/612
f 1662/92/613 1661/93/613 1663/82/613
f 1654/80/614 1656/84/614 1659/89/614 1657/81/614
f 1668/78/615 1677/79/615 1667/80/615 1670/81/615
f 1667/80/616 1676/82/616 1666/83/616 1669/84/616
f 1665/85/617 1671/86/617 1669/84/617 1666/83/617
f 1671/86/618 1673/87/618 1674/88/618
f 1670/81/619 1672/89/619 1668/90/619
f 1675/91/620 1672/89/620 1674/88/620
f 1675/92/621 1676/82/621 1667/80/621 1677/79/621
f 1674/93/622 1673/94/622 1676/82/622
f 1671/86/623 1665/95/623 1673/87/623
f 1668/90/624 1672/89/624 1675/92/624 1677/79/624
f 1665/96/625 1666/83/625 1676/82/625 1673/94/625
f 1669/84/626 1671/86/626 1674/88/626 1672/89/626
f 1675/92/627 1674/93/627 1676/82/627
f 1667/80/628 1669/84/628 1672/89/628 1670/81/628
f 1681/78/629 1690/79/629 1680/80/629 1683/81/629
f 1680/80/630 1689/82/630 1679/83/630 1682/84/630
f 1678/85/631 1684/86/631 1682/84/631 1679/83/631
f 1684/86/632 1686/87/632 1687/88/632
f 1683/81/633 1685/89/633 1681/90/633
f 1688/91/634 1685/89/634 1687/88/634
f 1688/92/635 1689/82/635 1680/80/635 1690/79/635
f 1687/93/636 1686/94/636 1689/82/636
f 1684/86/637 1678/95/637 1686/87/637
f 1681/90/638 1685/89/638 1688/92/638 1690/79/638
f 1678/96/639 1679/83/639 1689/82/639 1686/94/639
f 1682/84/640 1684/86/640 1687/88/640 1685/89/640
f 1688/92/641 1687/93/641 1689/82/641
f 1680/80/642 1682/84/642 1685/89/642 1683/81/642
f 1694/78/643 1703/79/643 1693/80/643 1696/81/643
f 1693/80/644 1702/82/644 1692/83/644 1695/84/644
f 1691/85/645 1697/86/645 1695/84/645 1692/83/645
f 1697/86/646 1699/87/646 1700/88/646
f 1696/81/647 1698/89/647 1694/90/647
f 1701/91/648 1698/89/648 1700/88/648
f 1701/92/649 1702/82/649 1693/80/649 1703/79/649
f 1700/93/650 1699/94/650 1702/82/650
f 1697/86/651 1691/95/651 1699/87/651
f 1694/90/652 1698/89/652 1701/92/652 1703/79/652
f 1691/96/653 1692/83/653 1702/82/653 1699/94/653
f 1695/84/654 1697/86/654 1700/88/654 1698/89/654
f 1701/92/655 1700/93/655 1702/82/655
f 1693/80/656 1695/84/656 1698/89/656 1696/81/656
f 1707/78/657 1716/79/657 1706/80/657 1709/81/657
f 1706/80/658 1715/82/658 1705/83/658 1708/84/658
f 1704/85/659 1710/86/659 1708/84/659 1705/83/659
f 1710/86/660 1712/87/660 1713/88/660
f 1709/81/661 1711/89/661 1707/90/661
f 1714/91/662 1711/89/662 1713/88/662
f 1714/92/663 1715/82/663 1706/80/663 1716/79/663
f 1713/93/664 1712/94/664 1715/82/664
f 1710/86/665 1704/95/665 1712/87/665
f 1707/90/666 1711/89/666 1714/92/666 1716/79/666
f 1704/96/667 1705/83/667 1715/82/667 1712/94/667
f 1708/84/668 1710/86/668 1713/88/668 1711/89/668
f 1714/92/669 1713/93/669 1715/82/669
f 1706/80/670 1708/84/670 1711/89/670 1709/81/670
f 1720/78/671 1729/79/671 1719/80/671 1722/81/671
f 1719/80/672 1728/82/672 1718/83/672 1721/84/672
f 1717/85/673 1723/86/673 1721/84/673 1718/83/673
f 1723/86/674 1725/87/674 1726/88/674
f 1722/81/675 1724/89/675 1720/90/675
f 1727/91/676 1724/89/676 1726/88/676
f 1727/92/677 1728/82/677 1719/80/677 1729/79/677
f 1726/93/678 1725/94/678 1728/82/678
f 1723/86/679 1717/95/679 1725/87/679
f 1720/90/680 1724/89/680 1727/92/680 1729/79/680
f 1717/96/681 1718/83/681 1728/82/681 1725/94/681
f 1721/84/682 1723/86/682 1726/88/682 1724/89/682
f 1727/92/683 1726/93/683 1728/82/683
f 1719/80/684 1721/84/684 1724/89/684 1722/81/684
f 1733/78/685 1742/79/685 1732/80/685 1735/81/685
f 1732/80/686 1741/82/686 1731/83/686 1734/84/686
f 1730/85/687 1736/86/687 1734/84/687 1731/83/687
f 1736/86/688 1738/87/688 1739/88/688
f 1735/81/689 1737/89/689 1733/90/689
f 1740/91/690 1737/89/690 1739/88/690
f 1740/92/691 1741/82/691 1732/80/691 1742/79/691
f 1739/93/692 1738/94/692 1741/82/692
f 1736/86/693 1730/95/693 1738/87/693
f 1733/90/694 1737/89/694 1740/92/694 1742/79/694
f 1730/96/695 1731/83/695 1741/82/695 1738/94/695
f 1734/84/696 1736/86/696 1739/88/696 1737/89/696
f 1740/92/697 1739/93/697 1741/82/697
f 1732/80/698 1734/84/698 1737/89/698 1735/81/698
f 1746/78/699 1755/79/699 1745/80/699 1748/81/699
f 1745/80/700 1754/82/700 1744/83/700 1747/84/700
f 1743/85/701 1749/86/701 1747/84/701 1744/83/701
f 1749/86/702 1751/87/702 1752/88/702
f 1748/81/703 1750/89/703 1746/90/703
f 1753/91/704 1750/89/704 1752/88/704
f 1753/92/705 1754/82/705 1745/80/705 1755/79/705
f 1752/93/706 1751/94/706 1754/82/706
f 1749/86/707 1743/95/707 1751/87/707
f 1746/90/708 1750/89/708 1753/92/708 1755/79/708
f 1743/96/709 1744/83/709 1754/82/709 1751/94/709
f 1747/84/710 1749/86/710 1752/88/710 1750/89/710
f 1753/92/711 1752/93/711 1754/82/711
f 1745/80/712 1747/84/712 1750/89/712 1748/81/712
f 1759/78/713 1768/79/713 1758/80/713 1761/81/713
f 1758/80/714 1767/82/714 1757/83/714 1760/84/714
f 1756/85/715 1762/86/715 1760/84/715 1757/83/715
f 1762/86/716 1764/87/716 1765/88/716
f 1761/81/717 1763/89/717 1759/90/717
f 1766/91/718 1763/89/718 1765/88/718
f 1766/92/719 1767/82/719 1758/80/719 1768/79/719
f 1765/93/720 1764/94/720 1767/82/720
f 1762/86/721 1756/95/721 1764/87/721
f 1759/90/722 1763/89/722 1766/92/722 1768/79/722
f 1756/96/723 1757/83/723 1767/82/723 1764/94/723
f 1760/84/724 1762/86/724 1765/88/724 1763/89/724
f 1766/92/725 1765/93/725 1767/82/725
f 1758/80/726 1760/84/726 1763/89/726 1761/81/726
f 1772/78/727 1781/79/727 1771/80/727 1774/81/727
f 1771/80/728 1780/82/728 1770/83/728 1773/84/728
f 1769/85/729 1775/86/729 1773/84/729 1770/83/729
f 1775/86/730 1777/87/730 1778/88/730
f 1774/81/731 1776/89/731 1772/90/731
f 1779/91/732 1776/89/732 1778/88/732
f 1779/92/733 1780/82/733 1771/80/733 1781/79/733
f 1778/93/734 1777/94/734 1780/82/734
f 1775/86/735 1769/95/735 1777/87/735
f 1772/90/736 1776/89/736 1779/92/736 1781/79/736
f 1769/96/737 1770/83/737 1780/82/737 1777/94/737
f 1773/84/738 1775/86/738 1778/88/738 1776/89/738
f 1779/92/739 1778/93/739 1780/82/739
f 1771/80/740 1773/84/740 1776/89/740 1774/81/740
f 1785/78/741 1794/79/741 1784/80/741 1787/81/741
f 1784/80/742 1793/82/742 1783/83/742 1786/84/742
f 1782/85/743 1788/86/743 1786/84/743 1783/83/743
f 1788/86/744 1790/87/744 1791/88/744
f 1787/81/745 1789/89/745 1785/90/745
f 1792/91/746 1789/89/746 1791/88/746
f 1792/92/747 1793/82/747 1784/80/747 1794/79/747
f 1791/93/748 1790/94/748 1793/82/748
f 1788/86/749 1782/95/749 1790/87/749
f 1785/90/750 1789/89/750 1792/92/750 1794/79/750
f 1782/96/751 1783/83/751 1793/82/751 1790/94/751
f 1786/84/752 1788/86/752 1791/88/752 1789/89/752
f 1792/92/753 1791/93/753 1793/82/753
f 1784/80/754 1786/84/754 1789/89/754 1787/81/754
f 1798/78/755 1807/79/755 1797/80/755 1800/81/755
f 1797/80/756 1806/82/756 1796/83/756 1799/84/756
f 1795/85/757 1801/86/757 1799/84/757 1796/83/757
f 1801/86/758 1803/87/758 1804/88/758
f 1800/81/759 1802/89/759 1798/90/759
f 1805/91/760 1802/89/760 1804/88/760
f 1805/92/761 1806/82/761 1797/80/761 1807/79/761
f 1804/93/762 1803/94/762 1806/82/762
f 1801/86/763 1795/95/763 1803/87/763
f 1798/90/764 1802/89/764 1805/92/764 1807/79/764
f 1795/96/765 1796/83/765 1806/82/765 1803/94/765
f 1799/84/766 1801/86/766 1804/88/766 1802/89/766
f 1805/92/767 1804/93/767 1806/82/767
f 1797/80/768 1799/84/768 1802/89/768 1800/81/768
